order_id,order_date,customer_id,product_category,Age,Gender,region,quantity,unit_price,discount,payment_method,delivery_days,customer_rating,revenue
10001,01-01-2022,1102,Beauty,18,Male,South,7,373.65,0.28,Wallet,10,4.7,1883.2
10002,01-02-2022,1435,Clothing,22,Male,South,7,47.74,0.09,Card,6,3.9,304.1
10003,01-03-2022,1860,Beauty,54,Female,East,3,311.28,0.31,COD,6,2.5,644.35
10004,01-04-2022,1270,Electronics,23,Male,West,5,524.47,0.02,Wallet,6,1.6,2569.9
10005,01-05-2022,1106,Clothing,56,Female,West,5,139.87,0.33,Wallet,4,4.9,468.56
10006,01-06-2022,1071,Electronics,64,Male,West,2,264.44,0.2,Card,3,3.3,423.1
10007,01-07-2022,1700,Clothing,27,Male,South,6,564.6,0.23,Card,1,1.8,2608.45
10008,01-08-2022,1020,Beauty,18,Female,North,6,265.71,0.13,Card,2,3.7,1387.01
10009,01-09-2022,1614,Clothing,22,Female,South,6,224.65,0.27,Card,2,1.4,983.97
10010,01-10-2022,1121,Clothing,29,Male,West,4,272.71,0.06,Card,10,4.5,1025.39
10011,01-11-2022,1466,Clothing,49,Female,West,6,318.88,0.02,COD,7,1.4,1875.01
10012,01-12-2022,1214,Electronics,67,Female,West,3,384.71,0.14,COD,11,1.9,992.55
10013,1/13/2022,1330,Beauty,41,Female,South,7,483.41,0.3,COD,6,1.4,2368.71
10014,1/14/2022,1458,Clothing,60,Male,West,7,279.48,0.26,COD,8,1.4,1447.71
10015,1/15/2022,1087,Clothing,66,Male,East,4,493.23,0.18,Card,9,3.1,1617.79
10016,1/16/2022,1372,Clothing,36,Female,West,2,327.23,0.2,Wallet,5,3.7,523.57
10017,1/17/2022,1099,Clothing,57,Male,North,3,213.01,0.05,Wallet,11,4.2,607.08
10018,1/18/2022,1871,Electronics,30,Male,East,7,399.9,0.29,COD,3,3.8,1987.5
10019,1/19/2022,1663,Home,32,Female,West,3,434.87,0.28,Wallet,4,2.5,939.32
10020,1/20/2022,1130,Electronics,59,Female,East,7,341.46,0.23,Card,11,3.2,1840.47
10021,1/21/2022,1661,Home,67,Female,West,1,48.12,0.16,COD,8,4.7,40.42
10022,1/22/2022,1308,Home,37,Female,North,2,114.38,0.34,Card,3,2.6,150.98
10023,1/23/2022,1769,Home,56,Male,West,2,181.9,0.31,Card,2,2,251.02
10024,1/24/2022,1343,Clothing,52,Female,East,1,180.34,0.23,Card,7,3.1,138.86
10025,1/25/2022,1491,Clothing,58,Male,North,4,408.95,0.13,COD,4,2.2,1423.15
10026,1/26/2022,1413,Electronics,57,Female,South,7,25.73,0.22,Card,8,2,140.49
10027,1/27/2022,1805,Home,59,Male,North,7,457.07,0.2,COD,1,4.1,2559.59
10028,1/28/2022,1385,Electronics,25,Female,North,7,170.23,0.14,Card,8,4.6,1024.78
10029,1/29/2022,1191,Clothing,31,Female,North,6,196.36,0.11,Wallet,5,3,1048.56
10030,1/30/2022,1955,Electronics,28,Male,East,6,323.83,0.14,COD,2,4.1,1670.96
10031,1/31/2022,1276,Electronics,57,Female,North,6,141.32,0.2,Card,1,1.7,678.34
10032,02-01-2022,1160,Clothing,55,Female,West,6,532.42,0.15,Card,6,3.2,2715.34
10033,02-02-2022,1459,Electronics,53,Female,North,6,64.94,0.09,Wallet,9,3.5,354.57
10034,02-03-2022,1313,Home,58,Female,North,1,274.96,0.27,Card,9,3,200.72
10035,02-04-2022,1021,Electronics,35,Female,West,2,511.91,0.19,COD,9,1.5,829.29
10036,02-05-2022,1252,Electronics,41,Male,West,4,375.27,0.02,COD,11,3.9,1471.06
10037,02-06-2022,1747,Clothing,64,Female,South,3,186.01,0.13,Card,4,4.4,485.49
10038,02-07-2022,1856,Electronics,26,Male,North,6,261.14,0.31,Card,6,3.5,1081.12
10039,02-08-2022,1560,Electronics,43,Female,East,1,428.42,0.26,COD,10,1.7,317.03
10040,02-09-2022,1474,Home,61,Female,North,7,584.36,0.11,Card,6,1.3,3640.56
10041,02-10-2022,1058,Electronics,58,Male,North,4,537.49,0.33,Card,5,2.2,1440.47
10042,02-11-2022,1510,Home,61,Male,West,4,215.32,0.03,Card,2,1.1,835.44
10043,02-12-2022,1681,Electronics,19,Male,South,4,598.95,0.34,Card,7,4.4,1581.23
10044,2/13/2022,1475,Electronics,31,Male,North,1,17.05,0.09,Card,1,3.8,15.52
10045,2/14/2022,1699,Home,38,Male,East,3,31.16,0,Wallet,6,3.3,93.48
10046,2/15/2022,1975,Electronics,44,Male,North,6,496.95,0.15,COD,5,4.6,2534.44
10047,2/16/2022,1782,Electronics,68,Male,East,4,131.69,0.13,COD,5,1.4,458.28
10048,2/17/2022,1189,Clothing,44,Male,West,1,50.55,0.19,Card,8,3.9,40.95
10049,2/18/2022,1957,Electronics,67,Female,South,7,153.73,0.28,Card,9,1.6,774.8
10050,2/19/2022,1686,Home,23,Male,North,2,264.27,0.29,Wallet,7,1.2,375.26
10051,2/20/2022,1957,Electronics,68,Male,South,7,442.38,0.14,COD,10,1.5,2663.13
10052,2/21/2022,1562,Home,42,Female,North,1,380.24,0.15,Card,8,4.8,323.2
10053,2/22/2022,1875,Beauty,51,Male,East,1,154.01,0.05,Card,2,2.8,146.31
10054,2/23/2022,1566,Clothing,61,Female,South,1,309.41,0.02,COD,2,1.2,303.22
10055,2/24/2022,1243,Beauty,46,Female,North,4,556.84,0.22,Wallet,8,3.3,1737.34
10056,2/25/2022,1831,Clothing,49,Female,West,1,491.78,0.02,Card,6,1.8,481.94
10057,2/26/2022,1504,Beauty,62,Male,East,2,204.07,0.26,COD,8,1,302.02
10058,2/27/2022,1130,Electronics,54,Male,South,4,589.62,0.19,COD,9,4,1910.37
10059,2/28/2022,1484,Home,67,Female,North,7,429.54,0.07,Wallet,9,1.6,2796.31
10060,03-01-2022,1818,Clothing,52,Male,South,2,51.53,0.19,Wallet,11,4.8,83.48
10061,03-02-2022,1646,Clothing,64,Male,North,5,35.57,0.06,Card,6,3.4,167.18
10062,03-03-2022,1020,Clothing,33,Male,East,7,113.52,0.15,COD,8,1.3,675.44
10063,03-04-2022,1840,Home,24,Female,West,1,440.8,0.28,COD,2,1.9,317.38
10064,03-05-2022,1166,Electronics,36,Male,East,6,122.49,0.16,COD,8,3.4,617.35
10065,03-06-2022,1273,Electronics,19,Male,South,6,314.22,0.05,Wallet,3,2.4,1791.05
10066,03-07-2022,1387,Home,28,Male,South,4,69.56,0.25,Wallet,1,3.1,208.68
10067,03-08-2022,1600,Home,45,Female,North,6,553.72,0.07,Card,7,4.2,3089.76
10068,03-09-2022,1315,Beauty,61,Female,East,7,216.22,0.26,Card,1,4.2,1120.02
10069,03-10-2022,1013,Home,41,Male,North,4,546.26,0.17,COD,11,3.8,1813.58
10070,03-11-2022,1241,Beauty,21,Male,East,7,567.75,0.16,Card,1,4.5,3338.37
10071,03-12-2022,1776,Home,50,Female,South,1,18.59,0.3,Card,1,1.8,13.01
10072,3/13/2022,1345,Electronics,48,Male,North,3,286.52,0.25,Card,4,1.7,644.67
10073,3/14/2022,1564,Electronics,50,Male,North,3,29.42,0.01,Wallet,4,4.2,87.38
10074,3/15/2022,1897,Home,54,Female,East,2,546.59,0.1,Card,10,2.3,983.86
10075,3/16/2022,1339,Clothing,64,Female,West,1,318.27,0.3,COD,11,3,222.79
10076,3/17/2022,1091,Electronics,63,Male,East,6,58.84,0.01,Card,6,4,349.51
10077,3/18/2022,1366,Clothing,47,Female,West,1,79.51,0.19,Card,10,2.6,64.4
10078,3/19/2022,1955,Beauty,45,Male,East,5,239.35,0.25,Card,3,1.5,897.56
10079,3/20/2022,1454,Clothing,33,Female,South,3,565.04,0.22,Card,10,3.7,1322.19
10080,3/21/2022,1427,Clothing,64,Female,North,6,420.35,0.27,Wallet,6,4.3,1841.13
10081,3/22/2022,1508,Clothing,59,Male,East,7,522.56,0.25,Wallet,7,1.1,2743.44
10082,3/23/2022,1775,Electronics,40,Female,South,7,229.38,0.24,COD,11,3.3,1220.3
10083,3/24/2022,1942,Clothing,56,Male,East,3,40.28,0.29,Card,1,2.9,85.8
10084,3/25/2022,1034,Clothing,48,Male,North,1,584.98,0.23,COD,6,2,450.43
10085,3/26/2022,1205,Electronics,51,Male,East,6,25.05,0.14,Card,10,1.6,129.26
10086,3/27/2022,1080,Home,52,Female,West,2,569.38,0.17,Card,1,1.8,945.17
10087,3/28/2022,1931,Clothing,46,Female,North,7,230.68,0.25,COD,7,3.9,1211.07
10088,3/29/2022,1561,Home,52,Male,West,1,20.9,0.31,COD,10,3.1,14.42
10089,3/30/2022,1871,Beauty,30,Female,South,2,418.16,0.1,Card,5,4.9,752.69
10090,3/31/2022,1387,Electronics,61,Male,South,6,588.62,0.12,Card,10,2,3107.91
10091,04-01-2022,1001,Home,63,Female,East,3,579.89,0.33,Wallet,4,4.8,1165.58
10092,04-02-2022,1389,Clothing,55,Male,West,5,109.15,0.2,Card,1,3.1,436.6
10093,04-03-2022,1565,Beauty,69,Female,West,4,121.03,0.06,Wallet,9,1.6,455.07
10094,04-04-2022,1105,Electronics,18,Male,North,3,345.84,0.23,Wallet,7,1.6,798.89
10095,04-05-2022,1771,Home,18,Male,West,2,387.82,0.35,COD,2,3.4,504.17
10096,04-06-2022,1821,Clothing,42,Male,West,1,447.56,0.29,Card,4,4.3,317.77
10097,04-07-2022,1476,Electronics,18,Male,North,7,120.91,0.26,COD,4,4,626.31
10098,04-08-2022,1702,Electronics,61,Male,North,6,576.02,0.07,Card,8,3.6,3214.19
10099,04-09-2022,1401,Home,26,Female,West,3,388.66,0.31,Card,2,1.7,804.53
10100,04-10-2022,1729,Home,25,Male,East,7,510.52,0.18,COD,11,1.4,2930.38
10101,04-11-2022,1555,Electronics,57,Female,North,7,330.94,0.31,Card,5,1,1598.44
10102,04-12-2022,1161,Clothing,38,Male,North,5,257.35,0.12,Card,10,1.4,1132.34
10103,4/13/2022,1201,Clothing,58,Female,West,6,586.65,0.02,COD,8,4.1,3449.5
10104,4/14/2022,1957,Home,40,Female,West,2,355.54,0.17,COD,6,4.6,590.2
10105,4/15/2022,1995,Electronics,62,Female,North,6,522.12,0.09,Card,4,2,2850.78
10106,4/16/2022,1269,Beauty,58,Male,West,6,572.68,0.25,Card,5,4.2,2577.06
10107,4/17/2022,1862,Electronics,63,Female,North,1,410.08,0.33,Card,2,1.8,274.75
10108,4/18/2022,1815,Clothing,33,Male,East,4,336.13,0.24,Card,5,2,1021.84
10109,4/19/2022,1270,Electronics,22,Female,East,7,17.05,0.31,COD,3,1.9,82.35
10110,4/20/2022,1455,Electronics,33,Female,North,2,38.41,0.16,COD,3,1.2,64.53
10111,4/21/2022,1461,Clothing,20,Female,North,1,132.5,0.27,COD,7,1.8,96.72
10112,4/22/2022,1726,Electronics,25,Male,South,7,123.81,0.3,Card,3,2.5,606.67
10113,4/23/2022,1251,Home,54,Male,South,4,164.03,0.25,Card,4,2.6,492.09
10114,4/24/2022,1701,Electronics,37,Male,West,1,193.39,0.18,Card,7,2.2,158.58
10115,4/25/2022,1295,Clothing,22,Female,West,4,225.64,0.22,Card,3,3.1,704
10116,4/26/2022,1724,Electronics,65,Male,North,4,261.01,0.25,Card,10,2.5,783.03
10117,4/27/2022,1719,Electronics,23,Female,North,4,72.84,0.09,Card,10,4.9,265.14
10118,4/28/2022,1748,Electronics,58,Male,South,1,39.78,0.28,Card,2,4.2,28.64
10119,4/29/2022,1337,Clothing,23,Male,South,6,409.26,0.33,COD,10,4.7,1645.23
10120,4/30/2022,1878,Clothing,38,Female,North,4,329.34,0.16,COD,7,3.2,1106.58
10121,05-01-2022,1052,Clothing,19,Male,East,6,274.82,0.25,COD,5,3.7,1236.69
10122,05-02-2022,1791,Clothing,45,Male,East,7,386.15,0.26,Card,1,1.7,2000.26
10123,05-03-2022,1921,Clothing,56,Female,West,7,499.19,0.23,Wallet,10,4,2690.63
10124,05-04-2022,1216,Electronics,61,Male,North,2,265.2,0.19,Wallet,8,1.9,429.62
10125,05-05-2022,1763,Clothing,18,Female,North,5,390.05,0.31,Card,3,1.6,1345.67
10126,05-06-2022,1187,Beauty,29,Male,West,6,572.84,0.16,COD,11,1.2,2887.11
10127,05-07-2022,1379,Clothing,50,Male,South,7,506.18,0.02,Wallet,7,2.9,3472.39
10128,05-08-2022,1492,Home,38,Female,South,5,264.21,0.3,COD,6,2.1,924.73
10129,05-09-2022,1040,Electronics,63,Male,East,4,392.16,0.24,Card,10,4.9,1192.17
10130,05-10-2022,1156,Home,59,Female,North,5,118.59,0.3,COD,6,2,415.06
10131,05-11-2022,1014,Home,36,Female,South,5,342.91,0.05,COD,8,4.5,1628.82
10132,05-12-2022,1812,Clothing,47,Male,East,4,589.08,0.01,Card,4,2.3,2332.76
10133,5/13/2022,1064,Beauty,32,Female,East,6,318.21,0.33,Wallet,4,4,1279.2
10134,5/14/2022,1856,Electronics,33,Female,East,4,557.67,0.05,COD,3,3.6,2119.15
10135,5/15/2022,1838,Electronics,41,Female,South,2,253.29,0.28,Card,1,3.2,364.74
10136,5/16/2022,1520,Home,46,Male,South,3,599.32,0.29,COD,10,2.7,1276.55
10137,5/17/2022,1343,Home,49,Female,North,1,353.84,0.25,COD,3,3.7,265.38
10138,5/18/2022,1128,Electronics,54,Female,North,4,39.73,0.05,Card,1,2.6,150.97
10139,5/19/2022,1647,Electronics,30,Male,East,4,358.25,0.23,Card,6,3.2,1103.41
10140,5/20/2022,1471,Electronics,30,Male,East,5,175.63,0.31,Wallet,8,3.4,605.92
10141,5/21/2022,1062,Electronics,37,Male,South,2,34,0.15,COD,3,2.1,57.8
10142,5/22/2022,1138,Home,27,Female,South,7,495.2,0.14,Card,4,2.4,2981.1
10143,5/23/2022,1498,Clothing,38,Female,North,7,176.3,0.16,Card,5,1.1,1036.64
10144,5/24/2022,1592,Electronics,44,Male,North,5,480.98,0.03,COD,7,4.4,2332.75
10145,5/25/2022,1391,Clothing,58,Male,West,6,183.61,0.31,COD,11,4,760.15
10146,5/26/2022,1674,Electronics,25,Female,North,4,128.68,0.3,Card,6,1.7,360.3
10147,5/27/2022,1418,Electronics,35,Male,South,4,584.75,0.35,COD,2,2.4,1520.35
10148,5/28/2022,1288,Clothing,26,Male,East,5,226.56,0.2,Card,7,2.7,906.24
10149,5/29/2022,1378,Beauty,63,Male,West,4,366.81,0.26,Card,8,2.3,1085.76
10150,5/30/2022,1772,Home,39,Female,North,6,371.84,0.07,COD,1,4.2,2074.87
10151,5/31/2022,1489,Electronics,29,Male,North,3,342.88,0.23,Card,6,3.9,792.05
10152,06-01-2022,1230,Beauty,56,Male,South,1,550.1,0.23,Wallet,11,4.1,423.58
10153,06-02-2022,1040,Home,27,Female,West,1,409.55,0.32,Card,9,4.6,278.49
10154,06-03-2022,1027,Home,42,Female,North,1,251.18,0.29,COD,7,3.4,178.34
10155,06-04-2022,1134,Clothing,51,Male,East,3,519.49,0.33,Card,5,3.5,1044.17
10156,06-05-2022,1200,Clothing,27,Female,South,4,120.92,0.3,Card,10,3.9,338.58
10157,06-06-2022,1839,Electronics,44,Female,West,5,333.38,0.3,COD,11,3.7,1166.83
10158,06-07-2022,1779,Electronics,30,Male,North,7,571.07,0.02,COD,10,4.5,3917.54
10159,06-08-2022,1929,Electronics,52,Female,North,2,380.86,0.3,COD,9,4.1,533.2
10160,06-09-2022,1032,Electronics,68,Female,West,4,492.93,0.21,COD,2,1.5,1557.66
10161,06-10-2022,1047,Clothing,58,Female,South,3,397.33,0.13,COD,7,4.7,1037.03
10162,06-11-2022,1502,Home,56,Male,West,6,506.03,0.02,COD,9,3.7,2975.46
10163,06-12-2022,1406,Clothing,59,Male,West,3,567.53,0.24,COD,2,1.5,1293.97
10164,6/13/2022,1573,Electronics,21,Female,South,7,174.66,0.11,COD,11,4.1,1088.13
10165,6/14/2022,1727,Beauty,42,Female,North,1,114.25,0.16,COD,10,2.4,95.97
10166,6/15/2022,1804,Beauty,36,Female,East,4,298.13,0.24,Wallet,6,4.2,906.32
10167,6/16/2022,1098,Home,25,Male,South,7,425.59,0.32,Card,9,4.8,2025.81
10168,6/17/2022,1683,Beauty,41,Female,East,1,147.91,0.29,COD,3,2,105.02
10169,6/18/2022,1871,Clothing,41,Male,North,2,17.4,0.16,Card,8,4.4,29.23
10170,6/19/2022,1725,Beauty,47,Female,West,6,215.62,0.14,Card,5,4.1,1112.6
10171,6/20/2022,1986,Electronics,66,Male,East,1,581.78,0.08,Card,7,3.7,535.24
10172,6/21/2022,1546,Clothing,42,Female,North,2,421.56,0.13,Wallet,3,2.5,733.51
10173,6/22/2022,1960,Electronics,53,Male,North,3,249.78,0.04,COD,8,1.4,719.37
10174,6/23/2022,1738,Electronics,43,Male,West,1,127.66,0.34,COD,2,2.9,84.26
10175,6/24/2022,1612,Electronics,46,Male,West,1,223.31,0.2,Card,8,1.4,178.65
10176,6/25/2022,1942,Clothing,41,Male,North,5,114.36,0.04,COD,2,3,548.93
10177,6/26/2022,1461,Home,23,Female,North,6,77.19,0.12,Wallet,7,4.3,407.56
10178,6/27/2022,1642,Clothing,44,Male,East,6,545.44,0.19,Card,2,5,2650.84
10179,6/28/2022,1768,Electronics,67,Female,North,7,598.63,0.19,Card,7,1.8,3394.23
10180,6/29/2022,1004,Home,60,Female,North,3,111.01,0.01,Card,1,1.8,329.7
10181,6/30/2022,1217,Clothing,26,Female,East,5,46.9,0.33,COD,6,4.2,157.11
10182,07-01-2022,1502,Clothing,54,Female,South,7,207.89,0.1,COD,10,2.9,1309.71
10183,07-02-2022,1766,Home,56,Female,East,2,285.07,0.01,COD,7,4.7,564.44
10184,07-03-2022,1397,Electronics,32,Male,East,7,134.82,0.03,COD,4,4.1,915.43
10185,07-04-2022,1870,Electronics,26,Male,West,2,191.33,0.2,Card,11,3.9,306.13
10186,07-05-2022,1794,Beauty,27,Male,East,3,132.51,0.05,COD,11,1.4,377.65
10187,07-06-2022,1392,Electronics,65,Female,North,6,467.94,0.01,Card,1,1.1,2779.56
10188,07-07-2022,1206,Clothing,62,Male,North,2,431.86,0.13,Card,6,2.3,751.44
10189,07-08-2022,1014,Beauty,21,Male,North,3,386.45,0.22,COD,4,1.9,904.29
10190,07-09-2022,1857,Home,53,Male,South,7,241.52,0.04,Wallet,3,3.8,1623.01
10191,07-10-2022,1553,Electronics,57,Female,North,2,546.79,0.11,COD,4,2.8,973.29
10192,07-11-2022,1891,Electronics,66,Male,South,4,582.18,0.15,COD,6,3.1,1979.41
10193,07-12-2022,1460,Electronics,26,Female,North,1,116.58,0.06,Card,5,4.3,109.59
10194,7/13/2022,1690,Clothing,64,Female,East,7,145.46,0.18,Card,2,2.9,834.94
10195,7/14/2022,1574,Clothing,64,Male,West,6,322.49,0.03,Card,2,3.2,1876.89
10196,7/15/2022,1863,Electronics,42,Female,North,7,68.38,0.02,Wallet,3,4.4,469.09
10197,7/16/2022,1742,Beauty,43,Male,South,4,270.32,0.18,Wallet,11,2.7,886.65
10198,7/17/2022,1240,Clothing,51,Female,South,3,355.35,0.09,Wallet,6,1.3,970.11
10199,7/18/2022,1563,Electronics,57,Female,West,3,320.41,0.03,Card,1,3.1,932.39
10200,7/19/2022,1095,Clothing,55,Female,North,7,208.58,0.15,COD,11,3.3,1241.05
10201,7/20/2022,1899,Home,57,Female,East,4,332.33,0.32,COD,7,3,903.94
10202,7/21/2022,1733,Electronics,50,Female,North,7,575.9,0.25,COD,8,2,3023.48
10203,7/22/2022,1484,Electronics,28,Male,North,1,135.52,0.29,COD,7,1.9,96.22
10204,7/23/2022,1406,Home,36,Female,West,1,398.08,0.31,COD,11,2.5,274.68
10205,7/24/2022,1230,Clothing,33,Female,North,5,40.39,0.34,Card,3,1.7,133.29
10206,7/25/2022,1748,Clothing,65,Female,East,2,53.85,0.27,Card,6,3.7,78.62
10207,7/26/2022,1654,Clothing,54,Male,South,5,337.82,0.21,Card,4,3.5,1334.39
10208,7/27/2022,1170,Electronics,49,Male,West,1,76.39,0.13,Card,5,3.5,66.46
10209,7/28/2022,1540,Electronics,64,Male,East,4,28.07,0.06,Card,3,1.9,105.54
10210,7/29/2022,1035,Clothing,26,Male,South,2,115.34,0.24,Card,5,2,175.32
10211,7/30/2022,1524,Electronics,35,Female,West,4,345.44,0.35,Card,6,4.1,898.14
10212,7/31/2022,1159,Electronics,19,Female,West,5,426.45,0.16,COD,8,3.8,1791.09
10213,08-01-2022,1838,Home,29,Male,South,3,133.45,0.25,Wallet,6,4.5,300.26
10214,08-02-2022,1698,Beauty,68,Male,South,4,405.93,0.17,Wallet,9,2.6,1347.69
10215,08-03-2022,1242,Home,30,Male,East,5,121.75,0.15,Card,10,3.2,517.44
10216,08-04-2022,1085,Beauty,61,Female,North,5,373.87,0.14,Card,10,4,1607.64
10217,08-05-2022,1795,Electronics,45,Female,North,5,256,0.18,Card,10,4.9,1049.6
10218,08-06-2022,1577,Beauty,55,Female,North,3,397.47,0.13,Wallet,10,5,1037.4
10219,08-07-2022,1681,Electronics,29,Male,North,3,597.11,0.26,COD,4,5,1325.58
10220,08-08-2022,1556,Beauty,57,Male,North,7,563.62,0.31,Card,2,4.6,2722.28
10221,08-09-2022,1573,Beauty,38,Male,East,3,17.5,0.31,Wallet,9,3.6,36.22
10222,08-10-2022,1952,Home,58,Male,West,2,532.98,0.08,Card,11,1,980.68
10223,08-11-2022,1645,Beauty,38,Female,East,3,53.9,0.31,Wallet,3,3.8,111.57
10224,08-12-2022,1795,Clothing,32,Female,East,3,572.53,0.12,Card,11,2,1511.48
10225,8/13/2022,1027,Electronics,55,Female,East,3,179.87,0.11,Card,7,1.2,480.25
10226,8/14/2022,1619,Clothing,63,Male,West,4,238.49,0.25,COD,4,3.8,715.47
10227,8/15/2022,1555,Clothing,59,Female,East,3,68.61,0.11,Wallet,1,4,183.19
10228,8/16/2022,1339,Electronics,27,Male,East,2,80.68,0.02,Wallet,8,3.6,158.13
10229,8/17/2022,1797,Clothing,51,Female,West,5,440.14,0.13,COD,4,2.5,1914.61
10230,8/18/2022,1957,Beauty,29,Male,East,4,567.43,0.25,Card,11,3,1702.29
10231,8/19/2022,1330,Electronics,66,Male,North,1,372.29,0.11,Card,6,4.7,331.34
10232,8/20/2022,1639,Home,54,Male,South,3,433.77,0.22,Wallet,7,3.9,1015.02
10233,8/21/2022,1505,Beauty,68,Male,East,7,460.75,0.23,COD,8,3,2483.44
10234,8/22/2022,1347,Beauty,36,Female,South,7,168.75,0.26,COD,10,3.4,874.12
10235,8/23/2022,1472,Beauty,29,Female,East,5,41.46,0.31,Card,2,4.7,143.04
10236,8/24/2022,1230,Clothing,40,Female,East,5,16.1,0.15,COD,9,2.6,68.42
10237,8/25/2022,1189,Beauty,48,Male,North,4,220.13,0.06,Card,10,1.4,827.69
10238,8/26/2022,1224,Home,52,Female,West,7,156.26,0.11,COD,3,2.3,973.5
10239,8/27/2022,1384,Electronics,69,Male,South,1,51.46,0.15,Wallet,1,2.7,43.74
10240,8/28/2022,1376,Clothing,67,Male,West,6,120.02,0.25,COD,2,2.1,540.09
10241,8/29/2022,1282,Home,59,Female,North,7,87.83,0,COD,8,3.1,614.81
10242,8/30/2022,1957,Electronics,64,Female,North,7,550.2,0.11,Card,10,2.2,3427.75
10243,8/31/2022,1632,Clothing,64,Male,South,2,97.06,0.27,Card,6,1.4,141.71
10244,09-01-2022,1627,Home,62,Female,West,6,329.52,0.23,Wallet,11,1.8,1522.38
10245,09-02-2022,1972,Electronics,52,Female,North,5,361.97,0.26,Card,1,4.7,1339.29
10246,09-03-2022,1744,Clothing,41,Male,East,6,332.94,0.28,Wallet,11,3.5,1438.3
10247,09-04-2022,1258,Home,53,Male,East,7,72.95,0.27,COD,9,2.3,372.77
10248,09-05-2022,1358,Clothing,53,Male,East,5,201.5,0.24,COD,7,2.5,765.7
10249,09-06-2022,1709,Electronics,68,Male,West,6,44.99,0.15,Wallet,10,3,229.45
10250,09-07-2022,1455,Electronics,51,Male,East,5,246.47,0.34,COD,11,3.7,813.35
10251,09-08-2022,1410,Clothing,66,Female,East,5,125.33,0.2,Wallet,3,3.3,501.32
10252,09-09-2022,1648,Beauty,53,Male,North,4,343.56,0.07,Card,7,4.7,1278.04
10253,09-10-2022,1317,Electronics,45,Female,North,1,420.29,0.1,COD,6,3.5,378.26
10254,09-11-2022,1676,Clothing,49,Female,East,5,326.29,0.24,COD,3,4.6,1239.9
10255,09-12-2022,1224,Electronics,69,Female,East,2,269.03,0.32,Card,8,1,365.88
10256,9/13/2022,1818,Electronics,45,Male,North,7,241.59,0.06,COD,1,4.6,1589.66
10257,9/14/2022,1233,Home,26,Male,South,7,507.39,0.03,COD,5,3.9,3445.18
10258,9/15/2022,1683,Home,55,Male,West,2,143.33,0.31,Wallet,8,1.7,197.8
10259,9/16/2022,1663,Electronics,33,Female,West,3,444.52,0.32,Card,3,2.1,906.82
10260,9/17/2022,1974,Clothing,54,Male,North,5,458.13,0.1,COD,11,3.2,2061.58
10261,9/18/2022,1826,Electronics,61,Female,West,5,260.23,0.13,Card,10,1.5,1132
10262,9/19/2022,1373,Clothing,46,Male,North,5,188.92,0.23,COD,11,4.1,727.34
10263,9/20/2022,1671,Home,46,Female,North,6,290.27,0.12,COD,6,4.2,1532.63
10264,9/21/2022,1607,Electronics,30,Female,North,5,69.53,0.31,COD,10,2.2,239.88
10265,9/22/2022,1471,Electronics,55,Male,North,5,41.87,0.04,Card,11,1.3,200.98
10266,9/23/2022,1232,Clothing,37,Female,South,2,80.29,0.01,Card,2,5,158.97
10267,9/24/2022,1691,Beauty,62,Female,East,1,124.48,0.07,Card,9,2,115.77
10268,9/25/2022,1112,Beauty,55,Female,East,1,309.94,0.1,Card,2,1.3,278.95
10269,9/26/2022,1829,Electronics,47,Male,South,3,511.74,0.04,COD,5,2.3,1473.81
10270,9/27/2022,1496,Home,27,Male,West,2,152.85,0.02,Wallet,3,4.9,299.59
10271,9/28/2022,1441,Clothing,44,Female,West,5,562.07,0.26,Card,10,4.2,2079.66
10272,9/29/2022,1563,Clothing,36,Male,East,1,573.62,0.06,Card,9,2.9,539.2
10273,9/30/2022,1267,Home,44,Female,West,4,575.96,0.32,COD,9,2.2,1566.61
10274,10-01-2022,1509,Beauty,36,Female,East,4,504.97,0.13,COD,7,2.7,1757.3
10275,10-02-2022,1806,Beauty,61,Male,East,4,227.84,0.23,Card,10,1.1,701.75
10276,10-03-2022,1385,Clothing,69,Male,South,5,57.52,0.08,Card,5,3.9,264.59
10277,10-04-2022,1386,Clothing,52,Female,West,5,347.76,0.08,Card,9,1.4,1599.7
10278,10-05-2022,1112,Home,60,Female,South,3,341.83,0.2,Card,7,3.1,820.39
10279,10-06-2022,1612,Electronics,45,Male,East,7,512.24,0.2,Card,2,3.3,2868.54
10280,10-07-2022,1624,Clothing,52,Male,East,3,597.65,0.27,Card,10,1,1308.85
10281,10-08-2022,1951,Clothing,63,Female,East,3,312.27,0.27,COD,1,4.9,683.87
10282,10-09-2022,1080,Home,67,Female,North,6,216.94,0.23,COD,10,2.2,1002.26
10283,10-10-2022,1698,Electronics,26,Male,North,4,123.75,0.16,Card,10,1.3,415.8
10284,10-11-2022,1112,Electronics,41,Male,North,5,17.81,0.31,COD,4,4.4,61.44
10285,10-12-2022,1001,Beauty,35,Female,South,4,312.83,0.22,COD,10,1.6,976.03
10286,10/13/2022,1641,Electronics,58,Male,East,3,339.98,0.35,Wallet,8,1.1,662.96
10287,10/14/2022,1219,Clothing,66,Male,West,5,497.59,0.29,Card,6,3,1766.44
10288,10/15/2022,1565,Electronics,67,Female,South,2,310.18,0.02,COD,2,1.5,607.95
10289,10/16/2022,1854,Electronics,35,Male,South,1,551.13,0.11,COD,5,4.9,490.51
10290,10/17/2022,1996,Electronics,52,Male,South,1,382.43,0.2,Card,9,1,305.94
10291,10/18/2022,1735,Electronics,32,Female,West,3,506.6,0.25,Wallet,6,1.2,1139.85
10292,10/19/2022,1224,Beauty,33,Female,East,7,101.76,0.19,COD,6,4.3,576.98
10293,10/20/2022,1384,Electronics,57,Male,North,4,515.37,0.28,COD,7,2,1484.27
10294,10/21/2022,1402,Beauty,54,Female,East,2,409.96,0.1,Card,11,4.6,737.93
10295,10/22/2022,1637,Clothing,49,Male,East,5,114.59,0.06,Card,5,2.2,538.57
10296,10/23/2022,1129,Clothing,40,Female,South,7,126.01,0.02,COD,3,1.3,864.43
10297,10/24/2022,1052,Clothing,67,Male,South,4,557,0.2,Card,3,1,1782.4
10298,10/25/2022,1683,Clothing,41,Female,South,3,33.85,0.24,COD,5,2.1,77.18
10299,10/26/2022,1729,Home,63,Male,North,4,285.58,0.11,Card,4,2.9,1016.66
10300,10/27/2022,1671,Electronics,25,Male,North,3,198.38,0.21,COD,5,1,470.16
10301,10/28/2022,1709,Clothing,50,Male,North,6,404.07,0.02,COD,9,3.3,2375.93
10302,10/29/2022,1415,Beauty,68,Male,East,1,506.18,0.03,Card,5,2.3,490.99
10303,10/30/2022,1246,Beauty,62,Male,South,7,225.82,0.25,COD,4,2.6,1185.56
10304,10/31/2022,1835,Beauty,54,Male,West,1,264.74,0.13,Card,4,2,230.32
10305,11-01-2022,1438,Clothing,43,Male,East,4,589.42,0.23,Card,1,3.1,1815.41
10306,11-02-2022,1202,Home,60,Male,North,2,473.59,0.29,Card,10,1.9,672.5
10307,11-03-2022,1183,Clothing,25,Male,West,5,539.86,0.3,Card,4,1.5,1889.51
10308,11-04-2022,1122,Clothing,50,Male,West,3,271.68,0.06,Card,4,4.6,766.14
10309,11-05-2022,1400,Electronics,32,Female,South,5,151.93,0.17,Wallet,9,2.6,630.51
10310,11-06-2022,1766,Clothing,61,Male,West,1,255.94,0.26,Card,11,1.3,189.4
10311,11-07-2022,1293,Electronics,65,Male,North,2,433.91,0.27,Card,4,1.9,633.51
10312,11-08-2022,1279,Electronics,18,Female,South,2,79.02,0.27,Card,7,2.2,115.37
10313,11-09-2022,1836,Beauty,21,Male,West,5,173.22,0.08,Card,1,4.1,796.81
10314,11-10-2022,1883,Electronics,69,Male,South,1,42.28,0.07,COD,7,1.1,39.32
10315,11-11-2022,1609,Electronics,66,Female,West,5,267.92,0.21,Card,2,2.9,1058.28
10316,11-12-2022,1197,Electronics,41,Female,East,4,499.06,0.26,COD,11,2.6,1477.22
10317,11/13/2022,1981,Beauty,67,Male,East,2,29.43,0.11,Card,8,4.9,52.39
10318,11/14/2022,1906,Clothing,42,Female,North,2,410.06,0.04,Wallet,1,1.7,787.32
10319,11/15/2022,1510,Clothing,50,Female,East,4,560.51,0.25,Card,10,3.5,1681.53
10320,11/16/2022,1751,Home,68,Female,East,1,153.6,0.1,COD,3,1.8,138.24
10321,11/17/2022,1143,Home,50,Female,East,2,420.78,0.06,COD,8,3.2,791.07
10322,11/18/2022,1608,Electronics,35,Male,West,7,585.43,0.05,Card,10,3.2,3893.11
10323,11/19/2022,1200,Home,44,Male,West,6,577.93,0.11,COD,8,1.3,3086.15
10324,11/20/2022,1123,Home,37,Female,South,6,152.43,0.21,COD,11,2.8,722.52
10325,11/21/2022,1186,Home,55,Female,West,6,73.69,0.13,Card,5,2.8,384.66
10326,11/22/2022,1325,Electronics,44,Female,East,3,101.75,0.01,COD,5,2.3,302.2
10327,11/23/2022,1463,Beauty,67,Female,West,7,425.69,0.03,Wallet,8,2.1,2890.44
10328,11/24/2022,1348,Clothing,45,Female,North,3,439.57,0.1,COD,10,1.9,1186.84
10329,11/25/2022,1770,Electronics,60,Female,South,1,409.43,0.23,Wallet,5,1,315.26
10330,11/26/2022,1659,Clothing,20,Male,South,4,211.61,0.03,Card,9,1,821.05
10331,11/27/2022,1763,Electronics,34,Female,West,5,114.32,0.2,COD,1,3.4,457.28
10332,11/28/2022,1954,Electronics,19,Female,East,7,354.75,0.04,Wallet,5,2.2,2383.92
10333,11/29/2022,1931,Home,42,Female,South,1,297.95,0.07,Card,3,1.7,277.09
10334,11/30/2022,1402,Electronics,64,Female,North,5,441.37,0.06,Wallet,3,3.7,2074.44
10335,12-01-2022,1345,Clothing,37,Male,North,1,273.2,0.02,Card,2,3.1,267.74
10336,12-02-2022,1962,Clothing,66,Female,South,3,213.1,0.23,Wallet,3,4.7,492.26
10337,12-03-2022,1510,Electronics,69,Male,East,6,186.68,0.16,Card,7,4.3,940.87
10338,12-04-2022,1146,Beauty,33,Female,East,4,138.71,0.29,Card,8,3.9,393.94
10339,12-05-2022,1147,Electronics,43,Female,West,3,170.46,0.03,Wallet,8,1.5,496.04
10340,12-06-2022,1863,Electronics,48,Female,West,4,70.48,0.05,Card,11,3.7,267.82
10341,12-07-2022,1710,Electronics,25,Male,South,7,217.91,0.11,Card,8,3.8,1357.58
10342,12-08-2022,1819,Electronics,54,Female,West,5,36.39,0.27,Card,1,4.1,132.82
10343,12-09-2022,1488,Electronics,38,Male,West,1,124.05,0.11,COD,11,2.1,110.4
10344,12-10-2022,1928,Home,30,Female,West,2,451.86,0.14,Wallet,7,3.6,777.2
10345,12-11-2022,1935,Beauty,45,Female,North,2,205.4,0.11,Card,2,3.5,365.61
10346,12-12-2022,1639,Electronics,52,Male,West,4,405.92,0.03,COD,11,2.5,1574.97
10347,12/13/2022,1550,Home,66,Female,South,6,434.38,0.33,Card,10,3.7,1746.21
10348,12/14/2022,1337,Home,67,Male,East,6,354.99,0.19,COD,4,1.3,1725.25
10349,12/15/2022,1871,Home,22,Female,West,4,575.84,0.28,Card,5,3.6,1658.42
10350,12/16/2022,1640,Clothing,49,Male,East,3,27.54,0.23,Card,1,3.4,63.62
10351,12/17/2022,1778,Electronics,65,Male,West,2,447.11,0.18,Card,4,1.8,733.26
10352,12/18/2022,1987,Electronics,54,Female,South,3,575.89,0.03,COD,4,4.3,1675.84
10353,12/19/2022,1952,Home,63,Female,North,5,519.43,0.22,Wallet,9,4.5,2025.78
10354,12/20/2022,1472,Home,44,Male,South,2,113.22,0.05,COD,9,1.8,215.12
10355,12/21/2022,1945,Electronics,42,Female,North,5,206.19,0.15,Card,11,1.3,876.31
10356,12/22/2022,1150,Clothing,23,Male,West,1,115.88,0.22,COD,10,3.4,90.39
10357,12/23/2022,1414,Beauty,64,Male,West,3,366.77,0.27,COD,1,2.9,803.23
10358,12/24/2022,1989,Home,54,Male,North,4,431.63,0.24,Card,8,2.7,1312.16
10359,12/25/2022,1297,Beauty,60,Female,South,2,200.49,0.24,Card,4,4,304.74
10360,12/26/2022,1610,Home,52,Female,South,3,330.61,0.05,Card,4,4.9,942.24
10361,12/27/2022,1262,Clothing,45,Male,North,4,419.19,0.12,COD,5,2.9,1475.55
10362,12/28/2022,1763,Clothing,56,Male,West,1,261.48,0.02,COD,2,1,256.25
10363,12/29/2022,1143,Home,64,Female,North,2,514.6,0.25,COD,1,3.4,771.9
10364,12/30/2022,1345,Electronics,25,Female,West,5,466.36,0.33,Card,5,3.6,1562.31
10365,12/31/2022,1623,Clothing,41,Male,North,1,52.83,0.09,Card,7,4.3,48.08
10366,01-01-2023,1571,Home,69,Male,West,6,378.36,0.03,Wallet,10,1.8,2202.06
10367,01-02-2023,1880,Electronics,64,Female,North,4,152.67,0.17,Card,9,3.1,506.86
10368,01-03-2023,1001,Home,38,Female,East,2,341.15,0.3,Wallet,2,2.8,477.61
10369,01-04-2023,1896,Clothing,18,Male,West,2,574.78,0.19,COD,8,3.7,931.14
10370,01-05-2023,1303,Beauty,56,Female,South,7,529.25,0.02,Card,7,1.3,3630.66
10371,01-06-2023,1253,Electronics,66,Female,North,7,251.64,0.34,COD,2,4.5,1162.58
10372,01-07-2023,1651,Electronics,51,Male,South,1,185.54,0.29,Wallet,5,3,131.73
10373,01-08-2023,1452,Clothing,51,Female,North,2,152.13,0.05,Card,7,4.5,289.05
10374,01-09-2023,1036,Electronics,58,Female,South,4,326.52,0.32,Wallet,3,2.4,888.13
10375,01-10-2023,1159,Home,44,Female,South,1,81.84,0.16,Card,2,3.6,68.75
10376,01-11-2023,1008,Home,46,Female,North,5,336.33,0.13,COD,6,4.8,1463.04
10377,01-12-2023,1232,Electronics,69,Male,North,1,15.78,0.16,Wallet,10,4.8,13.26
10378,1/13/2023,1098,Clothing,62,Female,South,1,204.45,0.29,Wallet,6,4.8,145.16
10379,1/14/2023,1658,Clothing,57,Female,South,5,143.66,0.23,COD,11,1.2,553.09
10380,1/15/2023,1815,Clothing,27,Male,South,6,583.16,0.02,COD,4,2.6,3428.98
10381,1/16/2023,1207,Beauty,57,Female,West,7,440.44,0.34,Card,1,1.2,2034.83
10382,1/17/2023,1130,Home,67,Female,West,4,219.55,0.05,Card,5,2.2,834.29
10383,1/18/2023,1403,Home,69,Male,East,6,69.31,0.26,Card,1,1.7,307.74
10384,1/19/2023,1151,Home,49,Female,West,6,317.33,0.22,Card,11,3.5,1485.1
10385,1/20/2023,1053,Clothing,63,Male,West,6,139.87,0.07,Card,11,4.1,780.47
10386,1/21/2023,1119,Beauty,23,Male,North,7,328.81,0.06,Card,8,3.1,2163.57
10387,1/22/2023,1672,Home,58,Female,East,3,503.69,0.3,Wallet,2,4.2,1057.75
10388,1/23/2023,1919,Home,41,Male,East,7,375.24,0.15,COD,9,1.1,2232.68
10389,1/24/2023,1627,Beauty,21,Female,West,6,385.77,0.23,Card,9,4.3,1782.26
10390,1/25/2023,1586,Electronics,20,Male,North,3,331.5,0.18,Wallet,3,1.7,815.49
10391,1/26/2023,1624,Home,44,Male,North,5,557.45,0.25,Card,6,2.8,2090.44
10392,1/27/2023,1967,Electronics,30,Female,East,7,560.16,0.17,COD,9,2.8,3254.53
10393,1/28/2023,1419,Electronics,27,Female,North,4,314.94,0.1,COD,7,4.5,1133.78
10394,1/29/2023,1421,Electronics,25,Male,South,6,193.87,0.13,Card,4,4.9,1012
10395,1/30/2023,1103,Beauty,27,Female,West,2,283.86,0.3,COD,3,2,397.4
10396,1/31/2023,1851,Beauty,49,Female,South,5,124.14,0.16,Card,2,1.3,521.39
10397,02-01-2023,1253,Home,66,Male,East,3,387.26,0.07,Card,10,3.6,1080.46
10398,02-02-2023,1226,Home,39,Female,East,7,307.55,0.33,Card,10,3,1442.41
10399,02-03-2023,1111,Clothing,52,Male,North,4,75.43,0.28,Wallet,1,3.3,217.24
10400,02-04-2023,1509,Beauty,45,Male,North,1,130.62,0.02,COD,11,1.2,128.01
10401,02-05-2023,1472,Clothing,59,Female,East,4,295.58,0.35,COD,10,4.1,768.51
10402,02-06-2023,1098,Clothing,66,Female,East,4,534.24,0.24,COD,11,1.9,1624.09
10403,02-07-2023,1152,Electronics,53,Female,South,6,346.34,0.06,Card,1,2.3,1953.36
10404,02-08-2023,1860,Home,23,Female,South,6,413.7,0.08,COD,4,1.9,2283.62
10405,02-09-2023,1913,Home,66,Female,North,7,213.33,0.24,Card,4,4.8,1134.92
10406,02-10-2023,1895,Clothing,28,Female,South,7,349.28,0.27,Card,9,1.7,1784.82
10407,02-11-2023,1877,Electronics,57,Male,North,3,276.72,0.08,COD,10,3.9,763.75
10408,02-12-2023,1337,Home,63,Male,North,7,400.59,0.09,Card,1,2,2551.76
10409,2/13/2023,1705,Electronics,37,Male,West,3,44.59,0.11,Card,11,2.7,119.06
10410,2/14/2023,1821,Home,52,Male,North,6,303.58,0.21,Wallet,4,5,1438.97
10411,2/15/2023,1162,Beauty,64,Male,South,6,188.16,0.06,COD,3,1.4,1061.22
10412,2/16/2023,1719,Clothing,54,Female,East,2,205.82,0.04,COD,9,4.5,395.17
10413,2/17/2023,1956,Electronics,48,Female,East,2,577.14,0.24,Card,5,4.8,877.25
10414,2/18/2023,1680,Home,61,Male,South,5,121.88,0.27,Card,9,3.8,444.86
10415,2/19/2023,1995,Home,57,Female,East,6,197.08,0.18,COD,10,1,969.63
10416,2/20/2023,1160,Clothing,64,Female,North,1,313.29,0.13,COD,6,4.3,272.56
10417,2/21/2023,1579,Beauty,19,Female,East,2,519.87,0.15,COD,11,4.5,883.78
10418,2/22/2023,1800,Electronics,62,Male,South,3,258.75,0.14,Wallet,9,4.9,667.58
10419,2/23/2023,1397,Clothing,66,Male,East,4,450.16,0.34,Wallet,1,4.4,1188.42
10420,2/24/2023,1276,Home,69,Female,North,7,515.98,0.27,Card,4,2.8,2636.66
10421,2/25/2023,1815,Beauty,66,Female,North,7,196.36,0.07,Wallet,4,3.8,1278.3
10422,2/26/2023,1915,Electronics,54,Female,South,5,244.76,0.13,COD,10,2.9,1064.71
10423,2/27/2023,1503,Home,32,Male,South,2,223.59,0.19,COD,10,2.4,362.22
10424,2/28/2023,1895,Clothing,38,Female,South,4,502.22,0.21,Card,6,3.5,1587.02
10425,03-01-2023,1391,Clothing,37,Female,West,4,40.94,0.16,COD,10,4.1,137.56
10426,03-02-2023,1134,Electronics,68,Female,West,2,195.43,0.28,Wallet,1,3.5,281.42
10427,03-03-2023,1194,Beauty,55,Female,North,1,412.45,0.27,COD,10,4.3,301.09
10428,03-04-2023,1400,Electronics,50,Male,West,1,345.78,0.18,COD,5,1.7,283.54
10429,03-05-2023,1639,Electronics,57,Female,West,5,270.23,0.3,Card,3,2.5,945.8
10430,03-06-2023,1032,Electronics,66,Female,East,1,330.87,0.26,Card,1,2.3,244.84
10431,03-07-2023,1687,Beauty,53,Female,West,5,130.59,0.27,Card,6,1.8,476.65
10432,03-08-2023,1459,Home,41,Female,East,3,266.97,0.33,Card,3,2.8,536.61
10433,03-09-2023,1954,Home,22,Female,South,2,308.5,0.09,COD,4,4.8,561.47
10434,03-10-2023,1882,Electronics,44,Male,East,4,542.2,0.09,Card,9,3.2,1973.61
10435,03-11-2023,1469,Clothing,28,Male,East,5,167.59,0.31,COD,2,2.1,578.19
10436,03-12-2023,1374,Clothing,60,Male,South,7,522.68,0.27,Card,1,2.4,2670.89
10437,3/13/2023,1021,Home,67,Female,South,1,391.88,0.32,Card,10,3.5,266.48
10438,3/14/2023,1749,Beauty,51,Female,North,7,26.9,0.02,Card,6,2.4,184.53
10439,3/15/2023,1669,Electronics,64,Male,North,5,438.91,0.22,Wallet,1,3.2,1711.75
10440,3/16/2023,1037,Home,64,Male,North,6,35.8,0.05,Card,1,2.1,204.06
10441,3/17/2023,1229,Electronics,56,Female,North,5,598.47,0.18,Card,7,2.4,2453.73
10442,3/18/2023,1364,Clothing,23,Female,East,1,525.49,0.05,Wallet,2,3.8,499.22
10443,3/19/2023,1562,Electronics,61,Female,East,6,188.95,0.04,Wallet,4,3.3,1088.35
10444,3/20/2023,1437,Electronics,42,Female,North,6,165.59,0,COD,4,1.4,993.54
10445,3/21/2023,1775,Clothing,30,Male,West,1,238.14,0.22,Card,2,4.9,185.75
10446,3/22/2023,1282,Clothing,37,Female,North,6,223.36,0.13,Card,6,1.2,1165.94
10447,3/23/2023,1026,Electronics,55,Female,West,2,232.82,0.04,Wallet,10,1.3,447.01
10448,3/24/2023,1225,Home,68,Female,South,4,201.19,0.11,Wallet,2,3.8,716.24
10449,3/25/2023,1276,Clothing,51,Female,East,7,378.36,0.06,COD,8,3.8,2489.61
10450,3/26/2023,1797,Electronics,60,Female,East,2,111.09,0.33,Card,4,1.1,148.86
10451,3/27/2023,1608,Home,52,Female,West,2,509.9,0.11,Card,1,3.6,907.62
10452,3/28/2023,1283,Electronics,64,Male,North,1,490.26,0.12,Card,7,1.1,431.43
10453,3/29/2023,1878,Clothing,61,Female,East,1,293.74,0.29,COD,6,4.8,208.56
10454,3/30/2023,1959,Home,58,Male,West,7,513.85,0.23,Card,6,3.8,2769.65
10455,3/31/2023,1480,Electronics,55,Female,South,4,159.58,0.25,Wallet,11,1.7,478.74
10456,04-01-2023,1452,Electronics,18,Female,South,5,25.28,0.22,Card,3,1.6,98.59
10457,04-02-2023,1828,Clothing,41,Female,East,2,377.24,0.33,COD,10,3.3,505.5
10458,04-03-2023,1815,Beauty,56,Female,North,6,282.88,0.07,Card,7,3.5,1578.47
10459,04-04-2023,1658,Clothing,69,Female,West,4,346.79,0.35,COD,6,4.3,901.65
10460,04-05-2023,1515,Home,61,Female,East,2,541.11,0.29,Card,10,4.6,768.38
10461,04-06-2023,1546,Clothing,46,Male,South,5,582.41,0.21,COD,10,2.6,2300.52
10462,04-07-2023,1191,Electronics,30,Male,North,6,386.16,0.23,COD,9,4.4,1784.06
10463,04-08-2023,1048,Clothing,58,Female,West,2,461.97,0.23,Card,3,3.2,711.43
10464,04-09-2023,1511,Home,49,Female,East,3,64.03,0.02,Wallet,3,2.9,188.25
10465,04-10-2023,1016,Electronics,29,Female,West,7,109.02,0.08,COD,4,3.8,702.09
10466,04-11-2023,1171,Electronics,54,Female,North,4,443.92,0.34,Wallet,3,1.4,1171.95
10467,04-12-2023,1219,Electronics,68,Male,North,7,267.35,0.19,Wallet,4,2.1,1515.87
10468,4/13/2023,1157,Clothing,66,Male,South,1,275.89,0.13,Wallet,6,4.3,240.02
10469,4/14/2023,1476,Beauty,39,Male,North,2,195.54,0.27,Card,1,3,285.49
10470,4/15/2023,1045,Electronics,64,Male,East,6,370.3,0.18,Card,2,4.6,1821.88
10471,4/16/2023,1372,Clothing,57,Female,West,6,123.32,0,Wallet,10,1.4,739.92
10472,4/17/2023,1517,Electronics,58,Male,North,4,381.75,0.26,COD,6,2.3,1129.98
10473,4/18/2023,1098,Beauty,42,Male,North,4,116.67,0.26,Card,6,2.4,345.34
10474,4/19/2023,1891,Electronics,28,Male,East,7,52.34,0.06,COD,1,2.7,344.4
10475,4/20/2023,1744,Clothing,36,Female,West,6,208.26,0.33,Card,6,4.9,837.21
10476,4/21/2023,1036,Home,66,Female,West,6,150.22,0.08,COD,11,2.2,829.21
10477,4/22/2023,1279,Home,58,Male,South,6,535.06,0.16,Wallet,9,3.1,2696.7
10478,4/23/2023,1348,Clothing,54,Male,South,2,47.15,0.04,COD,8,3.1,90.53
10479,4/24/2023,1496,Electronics,57,Female,West,6,118.32,0.21,Card,10,4.1,560.84
10480,4/25/2023,1301,Clothing,53,Male,East,1,336,0.13,Card,5,3.1,292.32
10481,4/26/2023,1180,Electronics,54,Male,East,6,296.42,0.12,Card,4,3.4,1565.1
10482,4/27/2023,1606,Electronics,37,Female,South,1,41.82,0.29,COD,6,4,29.69
10483,4/28/2023,1098,Clothing,58,Female,North,2,19.24,0,Card,11,1.4,38.48
10484,4/29/2023,1699,Electronics,19,Male,East,4,593.02,0.28,COD,5,4.9,1707.9
10485,4/30/2023,1992,Electronics,50,Female,North,1,400.42,0.2,COD,6,4.4,320.34
10486,05-01-2023,1115,Home,50,Female,East,2,228.76,0.35,COD,10,2.6,297.39
10487,05-02-2023,1190,Beauty,59,Female,West,6,290.2,0.21,Wallet,11,3.9,1375.55
10488,05-03-2023,1252,Clothing,52,Female,South,2,170.93,0.02,COD,3,4,335.02
10489,05-04-2023,1980,Electronics,51,Male,North,6,216.75,0.02,Card,7,4.4,1274.49
10490,05-05-2023,1927,Electronics,67,Male,North,7,394.69,0.31,COD,8,1.8,1906.35
10491,05-06-2023,1982,Beauty,55,Male,West,2,531.44,0.29,COD,5,3.8,754.64
10492,05-07-2023,1160,Electronics,49,Female,East,4,122.72,0.12,Card,5,1.1,431.97
10493,05-08-2023,1255,Electronics,51,Male,North,1,506.61,0.22,COD,4,1.5,395.16
10494,05-09-2023,1322,Clothing,37,Female,East,7,86.11,0.17,Card,10,4.1,500.3
10495,05-10-2023,1127,Clothing,66,Female,West,4,140.77,0.34,Card,5,4.3,371.63
10496,05-11-2023,1017,Clothing,57,Female,South,3,36.75,0.33,Wallet,10,3.4,73.87
10497,05-12-2023,1792,Electronics,53,Male,North,6,97.37,0.34,Wallet,11,3.3,385.59
10498,5/13/2023,1734,Electronics,40,Male,East,1,551.62,0.3,COD,8,4,386.13
10499,5/14/2023,1565,Beauty,61,Female,North,4,283.77,0.32,COD,5,4.6,771.85
10500,5/15/2023,1569,Electronics,22,Male,East,1,60.43,0.08,Wallet,9,2.7,55.6
10501,5/16/2023,1322,Home,23,Male,East,3,576.44,0.29,Wallet,1,1.5,1227.82
10502,5/17/2023,1871,Home,63,Male,East,5,529.21,0.25,COD,7,4.4,1984.54
10503,5/18/2023,1685,Clothing,19,Male,West,6,456.49,0.34,COD,5,2.4,1807.7
10504,5/19/2023,1791,Electronics,26,Male,South,6,561.08,0.2,Card,4,1.5,2693.18
10505,5/20/2023,1625,Electronics,35,Female,North,2,143.78,0.03,Card,3,3.5,278.93
10506,5/21/2023,1287,Clothing,27,Male,South,6,504.28,0.21,Card,10,3.3,2390.29
10507,5/22/2023,1942,Beauty,26,Female,East,6,418.64,0.24,COD,7,2.9,1909
10508,5/23/2023,1853,Beauty,23,Female,East,4,523.81,0.08,Wallet,2,4.4,1927.62
10509,5/24/2023,1662,Electronics,67,Female,South,7,481.19,0.14,Wallet,5,2.1,2896.76
10510,5/25/2023,1961,Electronics,41,Female,South,6,217.7,0.21,Card,2,1.1,1031.9
10511,5/26/2023,1638,Beauty,35,Male,North,6,468.02,0.13,COD,7,2.3,2443.06
10512,5/27/2023,1154,Home,41,Male,East,3,168.54,0.13,Card,6,1,439.89
10513,5/28/2023,1489,Beauty,64,Male,South,7,207.23,0.05,Card,10,3.2,1378.08
10514,5/29/2023,1385,Electronics,36,Male,West,3,78.12,0.33,Wallet,7,2.5,157.02
10515,5/30/2023,1985,Clothing,50,Female,East,1,562.02,0.26,COD,9,4.3,415.89
10516,5/31/2023,1784,Home,64,Male,East,1,185.24,0,COD,2,4.2,185.24
10517,06-01-2023,1103,Home,40,Male,North,6,319.56,0.27,Card,9,2.7,1399.67
10518,06-02-2023,1928,Clothing,64,Male,West,6,243.93,0.26,Card,7,1.9,1083.05
10519,06-03-2023,1392,Electronics,37,Female,North,2,576.56,0,COD,2,2.7,1153.12
10520,06-04-2023,1810,Clothing,44,Male,West,1,211,0.13,Card,10,3.6,183.57
10521,06-05-2023,1245,Electronics,26,Male,North,4,470.45,0.21,Card,2,1.8,1486.62
10522,06-06-2023,1175,Clothing,18,Male,West,6,515.42,0.16,Card,4,4.1,2597.72
10523,06-07-2023,1038,Beauty,37,Male,West,4,269.83,0.27,COD,2,2.3,787.9
10524,06-08-2023,1476,Clothing,68,Male,West,6,236.23,0.15,Wallet,1,4.7,1204.77
10525,06-09-2023,1681,Home,64,Female,South,4,452.43,0.05,Wallet,6,3,1719.23
10526,06-10-2023,1758,Electronics,68,Male,East,5,549.04,0.34,Wallet,10,4.4,1811.83
10527,06-11-2023,1537,Home,54,Male,West,4,456.64,0.08,Wallet,11,3.5,1680.44
10528,06-12-2023,1866,Beauty,25,Male,South,7,147.87,0.25,Wallet,5,3.2,776.32
10529,6/13/2023,1817,Electronics,33,Male,South,1,534.66,0.05,COD,3,3.7,507.93
10530,6/14/2023,1920,Electronics,18,Male,North,6,241.74,0.12,COD,11,4.2,1276.39
10531,6/15/2023,1407,Clothing,19,Female,East,1,352.09,0.15,Card,1,3.6,299.28
10532,6/16/2023,1524,Electronics,67,Male,East,7,501.39,0.07,Wallet,9,4.2,3264.05
10533,6/17/2023,1827,Home,66,Female,North,7,125.21,0.16,Card,8,1.8,736.23
10534,6/18/2023,1505,Beauty,55,Female,East,4,473.94,0.06,Card,6,2.1,1782.01
10535,6/19/2023,1902,Clothing,51,Female,North,3,363.76,0.2,Wallet,6,1.9,873.02
10536,6/20/2023,1824,Electronics,37,Male,South,3,537.6,0.23,Card,4,4.2,1241.86
10537,6/21/2023,1035,Clothing,33,Male,South,7,115.6,0.02,Wallet,2,1.3,793.02
10538,6/22/2023,1684,Home,56,Male,West,3,261.1,0.3,COD,4,4.2,548.31
10539,6/23/2023,1019,Electronics,69,Female,North,6,502.21,0.06,Card,2,2.6,2832.46
10540,6/24/2023,1320,Clothing,57,Male,South,2,26.25,0.08,COD,7,1.3,48.3
10541,6/25/2023,1775,Clothing,19,Male,South,5,80.64,0.23,Wallet,9,2.7,310.46
10542,6/26/2023,1511,Clothing,43,Male,North,4,594.48,0.16,Card,2,2.2,1997.45
10543,6/27/2023,1399,Electronics,23,Female,South,2,179.03,0.17,COD,9,3.4,297.19
10544,6/28/2023,1653,Home,45,Male,East,3,585.69,0.04,Wallet,9,2.9,1686.79
10545,6/29/2023,1971,Electronics,48,Female,South,4,121.78,0.28,Card,8,2.2,350.73
10546,6/30/2023,1882,Electronics,52,Male,North,2,226.24,0.22,Card,1,4.4,352.93
10547,07-01-2023,1470,Beauty,46,Female,East,1,455.43,0.05,Card,5,2.6,432.66
10548,07-02-2023,1142,Home,21,Male,East,3,399.8,0.13,Card,10,2.9,1043.48
10549,07-03-2023,1091,Electronics,36,Female,South,2,354.96,0.28,Card,11,4.4,511.14
10550,07-04-2023,1353,Electronics,33,Male,West,6,324.99,0.2,COD,4,1.4,1559.95
10551,07-05-2023,1833,Electronics,54,Male,East,1,508.41,0.04,Card,7,2.6,488.07
10552,07-06-2023,1799,Electronics,50,Male,North,3,152.44,0.13,Wallet,11,2.6,397.87
10553,07-07-2023,1726,Electronics,51,Female,West,5,273.85,0.08,Card,8,3,1259.71
10554,07-08-2023,1958,Electronics,51,Female,West,7,105.94,0.18,COD,10,1.4,608.1
10555,07-09-2023,1853,Clothing,30,Female,East,3,363.63,0.3,COD,11,1.4,763.62
10556,07-10-2023,1050,Home,30,Female,South,6,161.57,0.15,Wallet,8,2.7,824.01
10557,07-11-2023,1664,Clothing,32,Female,West,5,210.3,0.15,COD,2,1.1,893.78
10558,07-12-2023,1697,Home,32,Female,South,5,290.68,0.32,Card,3,2,988.31
10559,7/13/2023,1574,Electronics,63,Male,East,5,30.66,0.2,Wallet,10,1.8,122.64
10560,7/14/2023,1189,Beauty,54,Male,North,4,68.78,0.2,Card,10,3,220.1
10561,7/15/2023,1124,Home,54,Male,West,4,416.27,0.09,Card,7,1,1515.22
10562,7/16/2023,1149,Home,64,Male,North,7,265.95,0.21,Card,4,3.7,1470.7
10563,7/17/2023,1313,Home,61,Female,South,5,520.9,0.2,COD,6,4.4,2083.6
10564,7/18/2023,1569,Beauty,51,Male,South,7,421.38,0.14,Card,8,3.8,2536.71
10565,7/19/2023,1341,Clothing,28,Female,North,1,19.74,0.35,COD,8,4.3,12.83
10566,7/20/2023,1304,Electronics,51,Female,East,5,375.78,0.31,COD,7,3.6,1296.44
10567,7/21/2023,1691,Clothing,20,Female,East,2,69.83,0.26,Wallet,2,3,103.35
10568,7/22/2023,1681,Home,33,Male,West,5,471.85,0.19,Card,2,1.9,1910.99
10569,7/23/2023,1837,Home,28,Male,West,4,595.03,0.16,Card,3,2.1,1999.3
10570,7/24/2023,1782,Clothing,57,Male,East,4,325.75,0.06,Card,4,2.3,1224.82
10571,7/25/2023,1053,Electronics,53,Female,East,2,414.43,0.11,Card,1,1.2,737.69
10572,7/26/2023,1443,Clothing,56,Female,North,2,153.83,0.27,COD,5,4.7,224.59
10573,7/27/2023,1612,Beauty,34,Male,South,3,270.99,0.16,COD,7,4.6,682.89
10574,7/28/2023,1992,Clothing,32,Male,South,1,515.82,0.31,COD,10,1.4,355.92
10575,7/29/2023,1263,Clothing,20,Male,West,1,112.94,0.05,Wallet,11,3.2,107.29
10576,7/30/2023,1052,Electronics,36,Male,East,1,170.34,0.18,Wallet,5,2.9,139.68
10577,7/31/2023,1571,Clothing,35,Male,North,6,275.58,0.23,Card,7,3.7,1273.18
10578,08-01-2023,1619,Beauty,69,Male,West,4,431.67,0.18,Wallet,5,3.4,1415.88
10579,08-02-2023,1004,Home,64,Female,North,1,234.89,0.31,Card,11,1.5,162.07
10580,08-03-2023,1102,Home,57,Male,East,3,557.72,0.35,COD,10,3.6,1087.55
10581,08-04-2023,1195,Clothing,34,Male,East,3,70.26,0.04,COD,8,3.4,202.35
10582,08-05-2023,1773,Clothing,42,Female,East,1,231.92,0.05,Wallet,7,3.1,220.32
10583,08-06-2023,1876,Electronics,39,Female,South,2,429.74,0.05,COD,1,2.6,816.51
10584,08-07-2023,1991,Home,41,Male,East,3,147.2,0.24,COD,11,4.8,335.62
10585,08-08-2023,1883,Clothing,29,Male,West,7,399,0.13,Wallet,1,4.4,2429.91
10586,08-09-2023,1349,Clothing,35,Female,South,2,111.07,0.26,COD,5,3.3,164.38
10587,08-10-2023,1046,Clothing,45,Male,North,7,47.75,0.14,COD,2,1,287.46
10588,08-11-2023,1866,Beauty,57,Male,West,4,85.79,0.22,Card,9,2.7,267.66
10589,08-12-2023,1822,Electronics,50,Male,West,6,559.04,0.27,Card,2,3.8,2448.6
10590,8/13/2023,1935,Home,60,Male,North,3,337.77,0.19,Wallet,9,1.5,820.78
10591,8/14/2023,1819,Electronics,38,Female,South,2,480.86,0.19,COD,10,2.6,778.99
10592,8/15/2023,1655,Clothing,68,Male,West,7,209.6,0.03,COD,2,1.8,1423.18
10593,8/16/2023,1268,Electronics,26,Male,West,1,361.71,0.14,Card,4,2.4,311.07
10594,8/17/2023,1369,Electronics,64,Female,West,7,304.55,0.19,Card,3,1.1,1726.8
10595,8/18/2023,1635,Clothing,64,Female,South,7,568.26,0.16,Card,6,1.5,3341.37
10596,8/19/2023,1105,Electronics,30,Female,South,4,452.33,0.32,COD,4,2.8,1230.34
10597,8/20/2023,1669,Clothing,25,Male,South,5,442.37,0.32,Card,9,4.6,1504.06
10598,8/21/2023,1658,Beauty,52,Female,West,5,42.12,0.29,Card,9,3,149.53
10599,8/22/2023,1656,Electronics,43,Male,East,1,336.56,0.13,COD,10,2.8,292.81
10600,8/23/2023,1119,Home,46,Female,North,4,288.19,0.25,COD,9,4.2,864.57
10601,8/24/2023,1830,Clothing,69,Male,East,4,557.79,0.14,Card,3,2.1,1918.8
10602,8/25/2023,1786,Home,37,Female,South,4,165.55,0.08,COD,3,1.4,609.22
10603,8/26/2023,1603,Electronics,56,Female,West,4,172.85,0.12,Wallet,4,1.8,608.43
10604,8/27/2023,1057,Electronics,29,Male,West,5,255.64,0.02,COD,9,4.2,1252.64
10605,8/28/2023,1950,Electronics,38,Female,East,2,157.37,0.12,Wallet,6,3.7,276.97
10606,8/29/2023,1345,Electronics,40,Male,East,4,90.57,0.16,Wallet,9,1.4,304.32
10607,8/30/2023,1740,Electronics,54,Female,North,2,516.59,0.33,Card,8,3.7,692.23
10608,8/31/2023,1473,Home,59,Male,West,7,341.59,0.11,Card,7,4.7,2128.11
10609,09-01-2023,1116,Beauty,57,Male,East,7,518.9,0.32,COD,5,1.2,2469.96
10610,09-02-2023,1829,Home,30,Male,North,4,501.21,0.08,COD,9,3.5,1844.45
10611,09-03-2023,1790,Home,56,Male,South,3,179.99,0.07,Card,4,2.5,502.17
10612,09-04-2023,1126,Electronics,21,Male,East,6,335.43,0.18,Card,4,3,1650.32
10613,09-05-2023,1392,Electronics,57,Female,South,3,63.68,0.24,COD,8,3.1,145.19
10614,09-06-2023,1907,Electronics,45,Female,North,7,550.42,0.02,Card,4,4.1,3775.88
10615,09-07-2023,1640,Electronics,45,Male,South,6,251.49,0.08,Wallet,7,3.2,1388.22
10616,09-08-2023,1057,Clothing,44,Female,West,3,245.3,0.16,Card,4,3.4,618.16
10617,09-09-2023,1633,Clothing,51,Male,West,4,192.11,0.12,Wallet,11,2.3,676.23
10618,09-10-2023,1512,Clothing,30,Male,South,2,284.49,0.25,Card,1,1.5,426.74
10619,09-11-2023,1750,Clothing,41,Male,West,6,162.28,0.18,Card,10,3.7,798.42
10620,09-12-2023,1801,Home,19,Female,North,5,234.29,0.06,Card,9,1,1101.16
10621,9/13/2023,1095,Home,53,Male,West,1,482.97,0.31,Wallet,4,2.3,333.25
10622,9/14/2023,1637,Electronics,58,Male,South,6,503.04,0.1,Card,3,1.9,2716.42
10623,9/15/2023,1117,Beauty,27,Female,South,6,192.95,0.26,COD,3,2.6,856.7
10624,9/16/2023,1559,Beauty,37,Male,South,5,289.37,0.27,Wallet,9,2.2,1056.2
10625,9/17/2023,1600,Electronics,32,Female,East,4,526.18,0.34,COD,8,3.8,1389.12
10626,9/18/2023,1487,Clothing,65,Male,South,3,45.81,0.17,Card,10,2,114.07
10627,9/19/2023,1236,Clothing,54,Male,North,3,535.15,0.22,Wallet,7,3.2,1252.25
10628,9/20/2023,1884,Beauty,20,Female,West,7,143.22,0.12,Wallet,7,2.8,882.24
10629,9/21/2023,1896,Beauty,44,Male,West,2,411.95,0.24,Card,4,4.2,626.16
10630,9/22/2023,1271,Electronics,66,Male,East,4,355.79,0.16,COD,3,2.7,1195.45
10631,9/23/2023,1188,Clothing,54,Female,East,5,338.47,0.15,Wallet,4,4.5,1438.5
10632,9/24/2023,1998,Clothing,68,Male,North,4,517.73,0.3,Wallet,6,1,1449.64
10633,9/25/2023,1703,Clothing,48,Female,South,4,74.42,0.02,Card,4,3.4,291.73
10634,9/26/2023,1446,Electronics,56,Male,East,3,218.01,0.31,Wallet,4,1,451.28
10635,9/27/2023,1580,Beauty,57,Male,West,5,329.88,0.3,Card,2,3.9,1154.58
10636,9/28/2023,1789,Home,40,Male,East,1,489.6,0.18,Card,7,1.9,401.47
10637,9/29/2023,1860,Home,67,Male,East,6,141.62,0.17,Card,6,2.5,705.27
10638,9/30/2023,1246,Beauty,33,Female,South,3,484.71,0.13,Card,2,2.5,1265.09
10639,10-01-2023,1962,Home,66,Female,East,5,248.79,0.35,COD,5,4.4,808.57
10640,10-02-2023,1075,Clothing,46,Male,North,2,125.51,0.04,COD,6,1.4,240.98
10641,10-03-2023,1153,Clothing,48,Female,West,6,459.01,0.21,Card,5,3.7,2175.71
10642,10-04-2023,1655,Electronics,42,Male,South,6,68.18,0.24,Card,4,4.9,310.9
10643,10-05-2023,1434,Home,32,Male,West,3,316.14,0.33,Card,11,1.1,635.44
10644,10-06-2023,1996,Electronics,56,Male,North,7,52.37,0.27,Wallet,11,4.9,267.61
10645,10-07-2023,1085,Home,67,Female,North,2,223.5,0.23,Wallet,9,1.1,344.19
10646,10-08-2023,1696,Electronics,49,Male,East,3,366.63,0.04,Card,3,4.4,1055.89
10647,10-09-2023,1284,Electronics,30,Male,East,4,340.33,0.13,Wallet,11,4.8,1184.35
10648,10-10-2023,1973,Electronics,21,Male,East,7,251.72,0.05,Card,2,5,1673.94
10649,10-11-2023,1219,Electronics,38,Female,West,5,265.99,0.31,COD,9,2.8,917.67
10650,10-12-2023,1068,Home,27,Male,North,2,147.66,0.26,Wallet,8,4.5,218.54
10651,10/13/2023,1046,Home,69,Male,South,6,281.69,0.27,Card,9,1.5,1233.8
10652,10/14/2023,1093,Clothing,69,Female,East,3,572.65,0.23,COD,10,2.7,1322.82
10653,10/15/2023,1749,Electronics,67,Female,West,6,512.51,0.18,Card,11,2.2,2521.55
10654,10/16/2023,1957,Electronics,47,Male,East,2,99.96,0.05,Card,3,2.6,189.92
10655,10/17/2023,1452,Electronics,32,Male,North,6,32.42,0.12,COD,1,3.8,171.18
10656,10/18/2023,1203,Electronics,41,Female,South,3,561.11,0.05,Wallet,11,1.3,1599.16
10657,10/19/2023,1911,Beauty,29,Female,North,7,323.15,0.25,COD,1,5,1696.54
10658,10/20/2023,1217,Electronics,65,Male,West,3,329.64,0.06,Wallet,3,3.5,929.58
10659,10/21/2023,1473,Clothing,48,Female,East,1,471.72,0.25,Wallet,4,4.5,353.79
10660,10/22/2023,1431,Electronics,68,Male,North,6,199.09,0.24,Card,2,4.3,907.85
10661,10/23/2023,1340,Electronics,42,Female,West,1,296.92,0.16,Card,8,4.1,249.41
10662,10/24/2023,1550,Clothing,60,Male,East,7,581.67,0.05,COD,3,1.2,3868.11
10663,10/25/2023,1611,Clothing,37,Female,South,1,408.21,0.11,COD,4,3.1,363.31
10664,10/26/2023,1288,Electronics,54,Female,North,6,104.94,0.11,Card,6,2.3,560.38
10665,10/27/2023,1253,Electronics,57,Female,East,2,92.94,0.25,Wallet,10,1.5,139.41
10666,10/28/2023,1733,Clothing,37,Female,East,4,134.49,0.04,COD,6,2.4,516.44
10667,10/29/2023,1356,Electronics,64,Female,East,7,463.53,0.29,Card,2,3.6,2303.74
10668,10/30/2023,1022,Electronics,54,Male,East,3,187.8,0.27,COD,6,1.9,411.28
10669,10/31/2023,1761,Beauty,67,Male,North,5,27.51,0.07,Card,4,2.8,127.92
10670,11-01-2023,1521,Clothing,29,Female,East,7,567.34,0.25,COD,5,2.6,2978.54
10671,11-02-2023,1757,Clothing,68,Female,West,1,114.28,0.23,Wallet,7,1.2,88
10672,11-03-2023,1836,Clothing,37,Male,North,2,20.59,0.26,Wallet,7,3.5,30.47
10673,11-04-2023,1099,Clothing,22,Male,East,6,153.72,0.07,Card,6,3.5,857.76
10674,11-05-2023,1801,Clothing,18,Male,North,2,152.49,0.06,COD,10,4.9,286.68
10675,11-06-2023,1179,Home,50,Female,West,2,261.87,0.08,COD,6,2.2,481.84
10676,11-07-2023,1222,Home,51,Male,West,6,553.43,0.13,Card,6,2.7,2888.9
10677,11-08-2023,1905,Electronics,55,Male,North,5,529.32,0.28,Card,4,2.6,1905.55
10678,11-09-2023,1761,Clothing,40,Male,East,6,282.28,0.26,COD,3,4.7,1253.32
10679,11-10-2023,1658,Clothing,65,Male,East,5,255.38,0.32,COD,1,2.6,868.29
10680,11-11-2023,1441,Beauty,57,Female,West,6,339.68,0.02,Card,3,2.8,1997.32
10681,11-12-2023,1607,Clothing,50,Female,East,1,157.42,0,Card,3,2,157.42
10682,11/13/2023,1768,Clothing,19,Male,West,5,45.53,0.24,Card,9,1,173.01
10683,11/14/2023,1324,Electronics,56,Male,East,1,564.45,0.1,Card,3,1.4,508.01
10684,11/15/2023,1515,Clothing,60,Female,West,7,124.22,0.12,COD,8,3.8,765.2
10685,11/16/2023,1015,Electronics,55,Female,South,5,131.06,0.19,Card,8,3.7,530.79
10686,11/17/2023,1791,Electronics,57,Female,East,5,291.39,0.04,Card,3,2.3,1398.67
10687,11/18/2023,1335,Electronics,33,Female,East,6,302.59,0.22,Wallet,10,2.9,1416.12
10688,11/19/2023,1758,Home,53,Female,East,5,25.78,0.11,Card,10,2.2,114.72
10689,11/20/2023,1257,Electronics,46,Male,North,1,101.55,0.22,COD,6,3.9,79.21
10690,11/21/2023,1496,Clothing,54,Female,East,7,236.22,0.29,Wallet,8,4.4,1174.01
10691,11/22/2023,1987,Beauty,41,Male,North,6,414.98,0.06,COD,8,4.6,2340.49
10692,11/23/2023,1895,Electronics,68,Male,North,3,148.62,0.33,COD,10,1.7,298.73
10693,11/24/2023,1159,Clothing,57,Male,West,7,262.46,0.19,Card,10,3.8,1488.15
10694,11/25/2023,1474,Clothing,42,Male,North,7,341.05,0.32,Card,9,4.9,1623.4
10695,11/26/2023,1851,Electronics,69,Male,North,1,534.83,0.07,COD,9,3.6,497.39
10696,11/27/2023,1663,Home,61,Male,South,7,205.75,0.21,COD,8,2.4,1137.8
10697,11/28/2023,1907,Electronics,62,Male,East,3,93.13,0.14,Card,7,3.5,240.28
10698,11/29/2023,1689,Clothing,50,Male,North,2,301.22,0.27,COD,10,3.8,439.78
10699,11/30/2023,1674,Clothing,41,Female,East,6,451.83,0.21,Wallet,3,2.6,2141.67
10700,12-01-2023,1379,Clothing,45,Female,North,2,79.27,0.17,Card,7,1.4,131.59
10701,12-02-2023,1544,Home,44,Male,West,6,263.44,0.32,COD,4,3.4,1074.84
10702,12-03-2023,1928,Electronics,58,Male,South,7,25.4,0.13,COD,2,4.2,154.69
10703,12-04-2023,1956,Electronics,61,Male,North,6,34.63,0.08,Wallet,8,5,191.16
10704,12-05-2023,1690,Home,30,Female,East,1,297.53,0.21,Wallet,2,1.9,235.05
10705,12-06-2023,1426,Clothing,38,Female,West,3,189.45,0.22,COD,1,3.8,443.31
10706,12-07-2023,1612,Home,49,Female,East,6,509.39,0.15,Card,5,1.1,2597.89
10707,12-08-2023,1267,Home,49,Male,West,3,367.26,0.17,Card,10,4.9,914.48
10708,12-09-2023,1834,Home,50,Male,South,6,280.55,0.34,Card,9,1.1,1110.98
10709,12-10-2023,1576,Clothing,30,Female,West,3,253.64,0.26,COD,5,2.4,563.08
10710,12-11-2023,1416,Electronics,47,Female,East,2,305.89,0.04,COD,11,1.3,587.31
10711,12-12-2023,1167,Home,68,Male,East,1,38.66,0.07,Wallet,2,3.5,35.95
10712,12/13/2023,1841,Clothing,67,Male,North,6,537.28,0.34,COD,10,2.4,2127.63
10713,12/14/2023,1042,Electronics,19,Male,West,4,599.01,0.25,COD,4,3.9,1797.03
10714,12/15/2023,1555,Beauty,38,Male,East,3,121.17,0.32,COD,8,2.9,247.19
10715,12/16/2023,1284,Beauty,57,Male,North,3,85.42,0.11,Card,7,2.7,228.07
10716,12/17/2023,1396,Clothing,23,Male,South,4,98.99,0.26,COD,5,2.4,293.01
10717,12/18/2023,1011,Electronics,40,Female,East,1,401.7,0.25,COD,4,1.3,301.27
10718,12/19/2023,1606,Clothing,66,Female,North,3,401.94,0.1,Wallet,5,1.8,1085.24
10719,12/20/2023,1301,Home,51,Male,East,1,511.04,0.19,Card,7,3.6,413.94
10720,12/21/2023,1897,Beauty,60,Male,West,3,454.82,0.22,Wallet,5,3,1064.28
10721,12/22/2023,1252,Electronics,67,Male,North,7,278.07,0.17,COD,8,1.3,1615.59
10722,12/23/2023,1498,Electronics,52,Male,West,5,373.52,0.29,Card,7,3.2,1326
10723,12/24/2023,1753,Beauty,50,Male,South,7,417.65,0.29,Card,7,1.2,2075.72
10724,12/25/2023,1034,Clothing,19,Male,West,3,314.95,0.3,Card,9,3,661.39
10725,12/26/2023,1726,Clothing,65,Male,North,5,293.26,0.28,COD,8,4.9,1055.74
10726,12/27/2023,1848,Beauty,36,Female,East,6,392.38,0.17,Card,8,2.2,1954.05
10727,12/28/2023,1089,Electronics,51,Male,North,1,341.12,0.13,Card,6,3.9,296.77
10728,12/29/2023,1775,Clothing,65,Female,West,3,391.71,0.29,Wallet,7,4,834.34
10729,12/30/2023,1604,Electronics,58,Female,West,2,373.52,0.17,COD,8,2.6,620.04
10730,12/31/2023,1921,Clothing,22,Female,East,2,435.73,0.09,COD,5,3.4,793.03
10731,01-01-2024,1969,Home,57,Male,South,4,391.04,0.18,Card,10,2.9,1282.61
10732,01-02-2024,1601,Clothing,67,Female,North,2,319.05,0.05,COD,2,2.1,606.2
10733,01-03-2024,1417,Beauty,44,Male,East,5,413.85,0.24,Card,7,4,1572.63
10734,01-04-2024,1114,Clothing,44,Female,East,2,277.95,0.12,Wallet,10,3.8,489.19
10735,01-05-2024,1616,Electronics,60,Male,East,2,156.38,0.09,Card,3,4.6,284.61
10736,01-06-2024,1902,Electronics,48,Female,North,2,15.83,0.33,COD,10,3.5,21.21
10737,01-07-2024,1195,Clothing,29,Female,North,3,342.58,0.27,COD,11,2.6,750.25
10738,01-08-2024,1825,Clothing,65,Female,North,4,360.53,0.28,COD,8,3.9,1038.33
10739,01-09-2024,1500,Electronics,35,Female,South,1,583.65,0.22,Wallet,6,3.5,455.25
10740,01-10-2024,1625,Clothing,44,Male,East,4,226.46,0.29,Card,11,3.5,643.15
10741,01-11-2024,1492,Clothing,55,Female,West,5,245.57,0.27,Card,4,4.4,896.33
10742,01-12-2024,1074,Home,42,Female,West,3,133.05,0.21,COD,2,4.6,315.33
10743,1/13/2024,1412,Home,18,Female,East,6,56.26,0.34,COD,7,1.7,222.79
10744,1/14/2024,1375,Home,18,Male,West,3,467.09,0.07,Card,1,2.3,1303.18
10745,1/15/2024,1419,Electronics,44,Female,South,7,161.06,0.33,Card,7,3.6,755.37
10746,1/16/2024,1728,Electronics,66,Female,South,2,371.21,0.14,COD,10,3.2,638.48
10747,1/17/2024,1276,Home,63,Male,North,2,417.35,0.18,Wallet,10,3.6,684.45
10748,1/18/2024,1760,Clothing,36,Female,North,5,290.67,0.04,COD,7,2.7,1395.22
10749,1/19/2024,1675,Electronics,25,Male,North,6,527.67,0.19,Wallet,10,2.6,2564.48
10750,1/20/2024,1393,Home,26,Female,North,7,274.62,0.21,COD,3,1.5,1518.65
10751,1/21/2024,1868,Home,49,Male,North,3,181.67,0.35,Card,4,3.5,354.26
10752,1/22/2024,1456,Clothing,57,Male,West,6,539.17,0.34,Card,4,1.7,2135.11
10753,1/23/2024,1919,Electronics,66,Female,West,1,519.02,0.34,COD,4,3.7,342.55
10754,1/24/2024,1191,Home,49,Female,North,4,110.96,0.12,COD,9,4.9,390.58
10755,1/25/2024,1738,Clothing,40,Female,South,3,30.19,0.35,COD,6,2,58.87
10756,1/26/2024,1688,Home,53,Female,West,6,67.64,0.16,COD,10,1.6,340.91
10757,1/27/2024,1098,Home,46,Female,South,1,182.63,0.3,Wallet,9,1.1,127.84
10758,1/28/2024,1547,Home,20,Female,South,1,583.77,0.08,COD,4,2.5,537.07
10759,1/29/2024,1977,Clothing,55,Female,East,7,341.73,0.18,Card,7,1.9,1961.53
10760,1/30/2024,1998,Electronics,25,Female,East,7,233.36,0.34,Card,10,3,1078.12
10761,1/31/2024,1095,Home,41,Female,North,4,534.9,0.33,COD,9,3.1,1433.53
10762,02-01-2024,1663,Clothing,26,Female,South,1,280.08,0.24,Wallet,10,2.4,212.86
10763,02-02-2024,1662,Home,23,Female,West,5,199.41,0.28,Card,3,4,717.88
10764,02-03-2024,1189,Electronics,66,Male,East,1,565.61,0.06,Wallet,3,4.6,531.67
10765,02-04-2024,1735,Electronics,60,Female,East,6,511.97,0.25,Wallet,6,1.8,2303.87
10766,02-05-2024,1036,Beauty,20,Male,South,7,508.55,0.22,COD,8,4.3,2776.68
10767,02-06-2024,1779,Home,51,Female,East,5,314.69,0.03,Card,1,1.5,1526.25
10768,02-07-2024,1368,Beauty,35,Female,East,7,476.82,0.04,Card,4,1.9,3204.23
10769,02-08-2024,1694,Home,40,Male,West,7,119.92,0.04,Card,8,3.2,805.86
10770,02-09-2024,1524,Clothing,54,Male,South,7,350.34,0.25,Card,6,2.2,1839.28
10771,02-10-2024,1278,Home,58,Female,East,1,590.55,0.05,COD,2,1.2,561.02
10772,02-11-2024,1216,Beauty,26,Male,South,2,185.21,0.16,Card,8,2.2,311.15
10773,02-12-2024,1866,Clothing,43,Female,East,1,479.7,0.12,COD,1,4.6,422.14
10774,2/13/2024,1872,Clothing,69,Male,West,7,301.93,0.19,Card,1,1.7,1711.94
10775,2/14/2024,1797,Electronics,61,Male,South,5,38.29,0.25,Card,7,4.1,143.59
10776,2/15/2024,1272,Clothing,61,Female,East,1,461.37,0.24,COD,10,3.9,350.64
10777,2/16/2024,1880,Home,67,Female,West,7,113.61,0.18,Wallet,3,1.4,652.12
10778,2/17/2024,1061,Electronics,38,Female,East,7,384.41,0.16,COD,8,2.3,2260.33
10779,2/18/2024,1595,Electronics,69,Male,South,1,65.11,0.14,COD,9,1.8,55.99
10780,2/19/2024,1879,Electronics,51,Male,East,1,568.92,0.3,COD,8,1.1,398.24
10781,2/20/2024,1728,Electronics,30,Male,South,5,185.66,0.12,COD,1,1.7,816.9
10782,2/21/2024,1341,Electronics,33,Male,South,1,147.48,0.09,Wallet,1,1.8,134.21
10783,2/22/2024,1396,Clothing,44,Female,East,4,90.54,0.26,Card,6,1.7,268
10784,2/23/2024,1698,Beauty,66,Male,West,6,568.41,0.13,Wallet,1,1.4,2967.1
10785,2/24/2024,1018,Clothing,65,Female,North,4,431.46,0.3,Card,8,3.1,1208.09
10786,2/25/2024,1176,Electronics,46,Female,West,5,448.87,0.11,Wallet,6,2.3,1997.47
10787,2/26/2024,1611,Electronics,65,Male,West,2,307.15,0.25,Card,5,4.6,460.72
10788,2/27/2024,1395,Home,68,Male,East,4,292.72,0.02,Wallet,6,1.7,1147.46
10789,2/28/2024,1444,Clothing,20,Female,West,7,79.36,0.13,Wallet,4,3.4,483.3
10790,2/29/2024,1232,Home,66,Male,West,6,342.51,0.12,Card,1,4.6,1808.45
10791,03-01-2024,1914,Home,26,Male,North,3,159.45,0.29,Wallet,7,1.2,339.63
10792,03-02-2024,1075,Home,66,Male,West,6,586.63,0.34,Card,10,3.1,2323.05
10793,03-03-2024,1264,Electronics,29,Female,North,4,481,0.16,Card,9,2.8,1616.16
10794,03-04-2024,1454,Home,51,Female,East,3,256.6,0.29,Card,4,4.7,546.56
10795,03-05-2024,1795,Electronics,45,Male,North,5,103.53,0.24,Wallet,4,3.7,393.41
10796,03-06-2024,1717,Beauty,27,Female,South,6,474.42,0.34,COD,9,2.4,1878.7
10797,03-07-2024,1734,Clothing,40,Female,South,2,86.4,0.28,COD,4,3.8,124.42
10798,03-08-2024,1383,Electronics,50,Male,North,3,125.76,0.03,COD,10,3.3,365.96
10799,03-09-2024,1563,Electronics,54,Male,South,3,138.74,0.25,Wallet,4,2.4,312.17
10800,03-10-2024,1850,Electronics,59,Male,East,6,340.78,0.19,COD,8,4.1,1656.19
10801,03-11-2024,1505,Home,50,Female,South,4,475.43,0.01,Card,11,3.7,1882.7
10802,03-12-2024,1366,Electronics,53,Male,North,3,198.87,0.09,Card,4,1,542.92
10803,3/13/2024,1143,Clothing,55,Male,East,5,64.53,0.32,Card,9,4.5,219.4
10804,3/14/2024,1884,Electronics,43,Female,South,6,286.76,0.32,COD,11,2.6,1169.98
10805,3/15/2024,1068,Home,45,Male,East,5,452.64,0.28,Card,8,3.6,1629.5
10806,3/16/2024,1098,Home,32,Male,North,6,144.67,0.34,Card,5,2.6,572.89
10807,3/17/2024,1395,Home,35,Female,South,5,143.66,0.28,Wallet,9,4.5,517.18
10808,3/18/2024,1024,Home,33,Male,East,4,569.13,0,Card,8,3.6,2276.52
10809,3/19/2024,1947,Electronics,36,Female,East,6,573.18,0.1,COD,10,3.3,3095.17
10810,3/20/2024,1890,Electronics,38,Female,South,7,594.42,0.01,Card,4,4.9,4119.33
10811,3/21/2024,1468,Home,64,Male,East,2,487.48,0.03,Card,4,2.1,945.71
10812,3/22/2024,1483,Clothing,66,Male,East,4,125.09,0.08,Card,1,1.3,460.33
10813,3/23/2024,1564,Clothing,20,Male,North,5,139.01,0.18,Card,4,3.1,569.94
10814,3/24/2024,1150,Electronics,69,Female,North,6,214.03,0.3,Wallet,8,2.7,898.93
10815,3/25/2024,1143,Electronics,37,Female,North,4,201.11,0.3,Card,5,2.8,563.11
10816,3/26/2024,1568,Electronics,32,Male,North,5,574.57,0.22,Card,6,3.5,2240.82
10817,3/27/2024,1038,Beauty,51,Male,North,1,476.61,0.32,COD,4,3.5,324.09
10818,3/28/2024,1108,Electronics,58,Female,North,1,438.55,0.18,COD,5,2.6,359.61
10819,3/29/2024,1692,Clothing,37,Female,South,3,123.79,0.31,COD,10,4.5,256.25
10820,3/30/2024,1041,Electronics,55,Male,North,2,547.07,0.16,Wallet,8,3.6,919.08
10821,3/31/2024,1185,Home,35,Female,East,1,499.3,0.1,COD,9,4.6,449.37
10822,04-01-2024,1934,Electronics,60,Female,South,7,110.73,0.32,Card,3,4.7,527.07
10823,04-02-2024,1397,Beauty,43,Male,East,5,524.63,0.14,Wallet,10,1.7,2255.91
10824,04-03-2024,1222,Beauty,26,Female,North,4,174.26,0.18,COD,4,3.7,571.57
10825,04-04-2024,1633,Electronics,51,Male,North,6,62.31,0.12,Card,1,2.3,329
10826,04-05-2024,1132,Beauty,65,Male,East,4,399.24,0.23,Card,11,4.3,1229.66
10827,04-06-2024,1162,Beauty,24,Male,East,3,397.48,0.35,Card,5,3.9,775.09
10828,04-07-2024,1214,Home,57,Male,East,4,70.54,0.01,Card,4,1.8,279.34
10829,04-08-2024,1732,Home,52,Male,West,1,201.53,0.31,Card,6,4.8,139.06
10830,04-09-2024,1234,Electronics,59,Male,West,4,595.8,0,Card,6,3.7,2383.2
10831,04-10-2024,1842,Clothing,66,Male,West,1,411.88,0.13,Wallet,10,4.8,358.34
10832,04-11-2024,1657,Electronics,23,Male,West,1,442.09,0.06,Wallet,6,1.8,415.56
10833,04-12-2024,1750,Electronics,52,Female,South,2,139.56,0.27,COD,3,4.5,203.76
10834,4/13/2024,1587,Beauty,56,Female,North,3,61.09,0.02,Wallet,7,3.7,179.6
10835,4/14/2024,1008,Electronics,23,Male,East,7,176.99,0.19,Card,3,3.2,1003.53
10836,4/15/2024,1073,Home,56,Female,North,7,160.61,0.1,Wallet,6,4.3,1011.84
10837,4/16/2024,1953,Home,65,Male,East,5,152.21,0.05,COD,10,3.5,723
10838,4/17/2024,1491,Beauty,52,Male,North,7,127.76,0.27,Card,1,3.7,652.85
10839,4/18/2024,1912,Beauty,44,Female,South,1,351.23,0.08,Card,8,2,323.13
10840,4/19/2024,1252,Electronics,19,Female,West,6,206.94,0.08,Card,7,4.3,1142.31
10841,4/20/2024,1229,Electronics,40,Male,North,3,494.9,0.1,Card,9,3.6,1336.23
10842,4/21/2024,1518,Clothing,44,Male,East,5,122.61,0.21,Card,3,4.4,484.31
10843,4/22/2024,1173,Electronics,69,Male,North,7,286.81,0.23,Card,8,2.4,1545.91
10844,4/23/2024,1652,Electronics,27,Female,South,7,22.99,0.01,Card,2,2.3,159.32
10845,4/24/2024,1167,Clothing,41,Female,South,6,296.78,0.08,Card,9,1.1,1638.23
10846,4/25/2024,1169,Home,45,Female,North,4,47.67,0.15,Wallet,1,4.1,162.08
10847,4/26/2024,1392,Clothing,63,Male,West,3,586.97,0.12,Card,10,2.3,1549.6
10848,4/27/2024,1945,Electronics,66,Male,East,6,477.5,0.31,Card,7,2.3,1976.85
10849,4/28/2024,1794,Home,37,Female,South,7,301.72,0.28,COD,10,3.8,1520.67
10850,4/29/2024,1633,Electronics,39,Male,South,3,65.65,0.22,Wallet,1,2,153.62
10851,4/30/2024,1193,Electronics,31,Female,North,3,361.58,0.12,Card,6,4.6,954.57
10852,05-01-2024,1516,Home,33,Female,South,7,458.88,0.25,Wallet,1,3.2,2409.12
10853,05-02-2024,1028,Clothing,68,Male,South,4,126.57,0.3,Card,4,4.9,354.4
10854,05-03-2024,1164,Home,35,Female,East,4,347.4,0.21,Card,7,1.3,1097.78
10855,05-04-2024,1421,Electronics,22,Male,West,7,491.31,0.27,Card,2,2.3,2510.59
10856,05-05-2024,1338,Home,68,Female,East,3,464.42,0.26,COD,3,2.5,1031.01
10857,05-06-2024,1647,Clothing,38,Male,West,6,484.75,0.2,Card,4,3.9,2326.8
10858,05-07-2024,1495,Clothing,53,Female,East,2,529.4,0.11,COD,6,1.9,942.33
10859,05-08-2024,1364,Clothing,38,Female,North,1,563.54,0.26,Card,9,2.5,417.02
10860,05-09-2024,1832,Beauty,26,Male,South,4,252.23,0.07,COD,4,4.6,938.3
10861,05-10-2024,1341,Clothing,35,Male,West,7,347.73,0.27,Card,6,1.5,1776.9
10862,05-11-2024,1499,Clothing,38,Female,North,2,477.54,0.28,COD,7,4,687.66
10863,05-12-2024,1656,Beauty,45,Female,South,4,422.83,0.29,COD,4,3.8,1200.84
10864,5/13/2024,1510,Home,42,Male,South,3,597.38,0.17,COD,6,1.5,1487.48
10865,5/14/2024,1326,Clothing,40,Male,South,7,23,0.07,Card,3,3.8,149.73
10866,5/15/2024,1216,Home,30,Male,East,2,222.75,0.03,Wallet,5,3.3,432.14
10867,5/16/2024,1300,Clothing,20,Male,North,7,179.4,0.26,COD,11,2.2,929.29
10868,5/17/2024,1131,Electronics,18,Female,North,6,168.45,0.31,Card,10,2.2,697.38
10869,5/18/2024,1803,Clothing,35,Female,South,6,145.18,0.23,Wallet,4,4.3,670.73
10870,5/19/2024,1069,Beauty,35,Male,West,5,429.84,0.05,COD,7,1.9,2041.74
10871,5/20/2024,1251,Beauty,38,Female,North,1,64.58,0.33,COD,6,3.1,43.27
10872,5/21/2024,1414,Electronics,50,Male,East,1,448.84,0.35,Card,7,3.7,291.75
10873,5/22/2024,1786,Clothing,18,Male,West,4,420.65,0.15,COD,6,1.5,1430.21
10874,5/23/2024,1444,Electronics,25,Female,West,1,161.72,0.21,Card,2,4.7,127.76
10875,5/24/2024,1875,Beauty,58,Male,West,7,162.91,0.27,Card,7,2,832.47
10876,5/25/2024,1181,Beauty,21,Male,West,7,382.88,0.26,Card,8,2.3,1983.32
10877,5/26/2024,1166,Clothing,57,Male,North,5,460.87,0.34,COD,7,3.7,1520.87
10878,5/27/2024,1090,Home,26,Male,South,6,527.74,0.04,Card,4,1.3,3039.78
10879,5/28/2024,1713,Home,20,Male,West,2,513.5,0.2,Wallet,4,3.5,821.6
10880,5/29/2024,1857,Clothing,35,Female,East,2,579.46,0.24,Card,5,4.7,880.78
10881,5/30/2024,1530,Electronics,21,Female,East,6,355.11,0.31,Card,9,2,1470.16
10882,5/31/2024,1038,Clothing,26,Male,South,3,546.56,0.31,COD,5,2.4,1131.38
10883,06-01-2024,1125,Home,49,Female,North,6,487.98,0.34,COD,2,1.9,1932.4
10884,06-02-2024,1450,Home,23,Female,South,2,538.38,0.18,Card,5,4.3,882.94
10885,06-03-2024,1172,Clothing,68,Male,West,4,21.8,0.29,Card,3,1.7,61.91
10886,06-04-2024,1652,Beauty,58,Male,North,5,580.05,0.15,Card,10,2.4,2465.21
10887,06-05-2024,1753,Electronics,26,Female,North,6,292.02,0.15,COD,8,3.4,1489.3
10888,06-06-2024,1219,Clothing,53,Male,West,3,481.94,0.09,Card,10,2.6,1315.7
10889,06-07-2024,1637,Home,21,Female,East,4,89.41,0.29,COD,10,1.3,253.92
10890,06-08-2024,1057,Home,37,Male,West,6,246.63,0.35,COD,2,4.8,961.86
10891,06-09-2024,1659,Clothing,67,Male,South,4,173.8,0.09,Card,11,2.4,632.63
10892,06-10-2024,1475,Electronics,26,Female,West,6,185.62,0.02,Card,4,2.8,1091.45
10893,06-11-2024,1455,Electronics,34,Male,East,4,87.1,0.29,Card,5,1.7,247.36
10894,06-12-2024,1828,Clothing,53,Female,West,7,486.37,0.22,Card,4,4.5,2655.58
10895,6/13/2024,1894,Clothing,40,Female,South,1,20.41,0.34,COD,5,2.2,13.47
10896,6/14/2024,1360,Electronics,53,Male,South,4,197.82,0.09,COD,10,1.1,720.06
10897,6/15/2024,1934,Home,66,Male,East,7,117.03,0.02,COD,11,2.3,802.83
10898,6/16/2024,1000,Clothing,68,Male,South,1,359.59,0.17,Card,4,4.9,298.46
10899,6/17/2024,1386,Home,54,Female,South,2,163.74,0.03,Wallet,3,1.6,317.66
10900,6/18/2024,1972,Home,37,Male,West,1,166.51,0.09,Card,1,1.1,151.52
10901,6/19/2024,1347,Electronics,25,Female,North,4,300.68,0.04,Card,4,3.3,1154.61
10902,6/20/2024,1189,Electronics,58,Male,South,5,396.82,0.08,COD,9,2.5,1825.37
10903,6/21/2024,1504,Home,58,Female,South,5,85.96,0.04,Wallet,1,4.2,412.61
10904,6/22/2024,1190,Clothing,32,Male,East,2,117.67,0.33,Card,7,3.9,157.68
10905,6/23/2024,1507,Home,67,Male,East,4,159.6,0.1,COD,3,1.7,574.56
10906,6/24/2024,1368,Home,66,Male,West,1,584.64,0.16,Wallet,8,3.3,491.1
10907,6/25/2024,1408,Home,38,Male,West,5,247.33,0.31,COD,6,1.1,853.29
10908,6/26/2024,1823,Beauty,63,Male,South,6,365.41,0.24,Card,1,2.8,1666.27
10909,6/27/2024,1928,Clothing,62,Male,North,3,156.3,0.22,Wallet,10,3.9,365.74
10910,6/28/2024,1933,Clothing,50,Female,North,4,301.92,0.25,COD,5,2.7,905.76
10911,6/29/2024,1116,Clothing,23,Male,West,7,58.36,0.29,COD,8,1.5,290.05
10912,6/30/2024,1133,Electronics,66,Male,East,7,35.32,0.31,COD,11,1.2,170.6
10913,07-01-2024,1057,Clothing,21,Male,South,6,289.21,0.22,Wallet,3,4.4,1353.5
10914,07-02-2024,1555,Electronics,49,Female,South,6,248.22,0.31,Card,4,4.6,1027.63
10915,07-03-2024,1684,Beauty,18,Female,North,4,95.07,0.19,Card,7,2.4,308.03
10916,07-04-2024,1671,Clothing,29,Female,West,3,417.25,0.1,COD,11,1.7,1126.58
10917,07-05-2024,1172,Clothing,25,Female,North,5,595.85,0.31,Card,6,4.9,2055.68
10918,07-06-2024,1828,Clothing,35,Male,North,3,246.45,0.19,Card,7,3.2,598.87
10919,07-07-2024,1814,Electronics,18,Female,West,2,380.37,0.32,COD,9,2.9,517.3
10920,07-08-2024,1148,Electronics,44,Female,East,1,578.34,0.01,Card,9,4,572.56
10921,07-09-2024,1079,Clothing,69,Male,South,1,501.45,0.14,COD,2,1.7,431.25
10922,07-10-2024,1885,Electronics,65,Male,East,6,286.18,0.33,Wallet,3,3.3,1150.44
10923,07-11-2024,1212,Clothing,59,Female,West,5,446.43,0.09,Card,4,4.6,2031.26
10924,07-12-2024,1202,Beauty,66,Female,West,3,89.96,0.33,Wallet,6,1.1,180.82
10925,7/13/2024,1763,Beauty,65,Male,South,6,314.58,0.33,Card,5,3.7,1264.61
10926,7/14/2024,1228,Home,41,Male,East,4,178.25,0.31,Wallet,6,3.2,491.97
10927,7/15/2024,1675,Electronics,31,Male,South,6,109.28,0.2,Wallet,11,4.8,524.54
10928,7/16/2024,1226,Beauty,59,Male,North,4,264.37,0.23,Card,8,2,814.26
10929,7/17/2024,1658,Beauty,49,Female,North,4,91.64,0.3,Card,2,4.4,256.59
10930,7/18/2024,1531,Electronics,27,Female,North,2,423.91,0.27,Card,6,2.2,618.91
10931,7/19/2024,1440,Home,65,Female,East,2,281.9,0.22,Wallet,9,2.7,439.76
10932,7/20/2024,1401,Electronics,67,Male,North,4,325.72,0.34,Wallet,5,1.9,859.9
10933,7/21/2024,1046,Home,54,Male,South,5,100.63,0.24,Card,1,4.5,382.39
10934,7/22/2024,1232,Beauty,67,Female,East,2,96.77,0.34,COD,8,1.8,127.74
10935,7/23/2024,1304,Electronics,36,Male,South,2,356.3,0.02,Card,4,4.4,698.35
10936,7/24/2024,1525,Beauty,44,Male,West,1,591.23,0.05,COD,8,2.8,561.67
10937,7/25/2024,1142,Clothing,40,Female,East,6,71.31,0.16,Wallet,4,4.3,359.4
10938,7/26/2024,1414,Beauty,50,Male,South,1,182.15,0.13,Card,11,2.1,158.47
10939,7/27/2024,1512,Clothing,30,Male,South,5,523.63,0.27,Wallet,8,1.5,1911.25
10940,7/28/2024,1372,Home,56,Male,East,2,57.28,0.06,Wallet,9,3.2,107.69
10941,7/29/2024,1565,Electronics,66,Female,West,7,527.39,0.34,Wallet,5,3,2436.54
10942,7/30/2024,1885,Electronics,39,Female,East,2,321.71,0.11,Card,5,2.4,572.64
10943,7/31/2024,1258,Electronics,47,Female,North,3,253.84,0.15,Card,2,3.7,647.29
10944,08-01-2024,1655,Beauty,46,Male,North,5,196.16,0.1,Card,9,1.4,882.72
10945,08-02-2024,1470,Home,66,Female,West,7,188.81,0.2,COD,11,3.5,1057.34
10946,08-03-2024,1952,Beauty,50,Male,South,6,193.89,0.02,COD,4,1.8,1140.07
10947,08-04-2024,1970,Beauty,65,Male,South,6,532.61,0.05,Card,3,1.5,3035.88
10948,08-05-2024,1011,Electronics,19,Female,South,7,438.42,0.26,COD,2,4.6,2271.02
10949,08-06-2024,1329,Clothing,39,Male,East,6,406.79,0.07,Card,3,2.8,2269.89
10950,08-07-2024,1735,Electronics,21,Male,East,7,482.27,0.08,Card,4,4.1,3105.82
10951,08-08-2024,1783,Electronics,37,Female,West,5,165.41,0.28,Card,9,1.4,595.48
10952,08-09-2024,1967,Electronics,64,Male,North,7,376.56,0.03,Card,6,1.2,2556.84
10953,08-10-2024,1357,Clothing,42,Male,South,7,284.14,0.15,Card,10,3,1690.63
10954,08-11-2024,1971,Electronics,29,Male,North,3,472.73,0.01,Card,5,2.3,1404.01
10955,08-12-2024,1407,Electronics,45,Male,East,3,195.91,0.12,Wallet,9,1,517.2
10956,8/13/2024,1667,Electronics,38,Male,East,1,391.26,0.24,COD,8,1.7,297.36
10957,8/14/2024,1372,Electronics,39,Male,East,5,531.09,0.03,Card,6,1.9,2575.79
10958,8/15/2024,1007,Beauty,63,Male,North,5,250.26,0.31,COD,3,2.2,863.4
10959,8/16/2024,1121,Home,52,Female,West,3,53.97,0.32,COD,7,4.5,110.1
10960,8/17/2024,1347,Beauty,66,Male,West,4,316.89,0.04,Card,10,2.7,1216.86
10961,8/18/2024,1675,Clothing,63,Male,East,4,217.39,0.35,COD,6,3.7,565.21
10962,8/19/2024,1089,Electronics,20,Male,South,1,408.25,0.1,COD,11,1.1,367.42
10963,8/20/2024,1647,Home,55,Male,North,4,571.35,0.03,COD,8,4.3,2216.84
10964,8/21/2024,1697,Electronics,56,Male,East,4,299.08,0,COD,6,2,1196.32
10965,8/22/2024,1315,Electronics,22,Male,North,4,287.72,0.14,COD,11,2.2,989.76
10966,8/23/2024,1177,Electronics,46,Male,North,2,397.93,0.22,Card,10,1.2,620.77
10967,8/24/2024,1539,Electronics,67,Female,West,1,75.55,0.12,Wallet,4,2.6,66.48
10968,8/25/2024,1731,Electronics,67,Female,East,3,163.3,0.29,Card,10,4.4,347.83
10969,8/26/2024,1868,Clothing,44,Female,West,4,552.6,0.25,Wallet,7,2.5,1657.8
10970,8/27/2024,1040,Home,57,Male,East,6,406.92,0.12,Card,7,4.6,2148.54
10971,8/28/2024,1739,Electronics,38,Male,North,7,22.86,0.26,Card,11,4.5,118.41
10972,8/29/2024,1703,Electronics,58,Female,West,2,134.71,0.33,COD,8,1.2,180.51
10973,8/30/2024,1922,Home,64,Male,North,4,414.46,0.03,Card,2,2.2,1608.1
10974,8/31/2024,1501,Electronics,67,Male,East,7,462.17,0.11,Wallet,11,4.6,2879.32
10975,09-01-2024,1958,Electronics,39,Male,South,7,506.32,0.16,Card,6,1.1,2977.16
10976,09-02-2024,1144,Beauty,51,Male,West,2,185.92,0.17,COD,3,4.1,308.63
10977,09-03-2024,1200,Electronics,55,Female,West,1,559.65,0.19,Card,8,4.6,453.32
10978,09-04-2024,1928,Electronics,50,Female,North,6,338.47,0.11,Card,4,4.1,1807.43
10979,09-05-2024,1723,Clothing,26,Male,North,6,422.48,0.23,Card,4,4,1951.86
10980,09-06-2024,1460,Electronics,66,Female,South,6,364.09,0.23,COD,2,4.4,1682.1
10981,09-07-2024,1731,Clothing,39,Female,West,4,86.8,0.2,COD,6,3.7,277.76
10982,09-08-2024,1751,Home,47,Male,East,2,578.42,0.04,COD,6,2.7,1110.57
10983,09-09-2024,1924,Electronics,34,Male,East,6,86.88,0.17,Wallet,1,1.3,432.66
10984,09-10-2024,1908,Clothing,35,Male,West,7,164.11,0.12,COD,8,4.2,1010.92
10985,09-11-2024,1557,Clothing,43,Male,West,7,490.97,0.17,Wallet,3,4.6,2852.54
10986,09-12-2024,1546,Electronics,64,Female,West,5,376.88,0.32,Card,1,3,1281.39
10987,9/13/2024,1252,Clothing,40,Female,South,5,505.32,0.17,Card,10,3.1,2097.08
10988,9/14/2024,1389,Electronics,54,Female,East,2,316.71,0,Card,1,2.6,633.42
10989,9/15/2024,1593,Clothing,58,Female,East,4,235.54,0.15,Card,1,4.4,800.84
10990,9/16/2024,1882,Electronics,52,Male,North,4,554.28,0.29,COD,5,1.1,1574.16
10991,9/17/2024,1255,Clothing,45,Female,North,1,36.21,0.27,COD,5,3.5,26.43
10992,9/18/2024,1708,Electronics,18,Male,West,1,515.84,0.18,COD,1,4.6,422.99
10993,9/19/2024,1814,Home,32,Male,North,6,150.03,0.09,COD,5,1.4,819.16
10994,9/20/2024,1920,Electronics,68,Female,South,3,511.51,0.16,Wallet,7,4.8,1289.01
10995,9/21/2024,1449,Clothing,26,Male,East,7,96.43,0.2,Wallet,5,4.9,540.01
10996,9/22/2024,1009,Clothing,49,Female,East,1,354.43,0.35,Card,9,4.7,230.38
10997,9/23/2024,1823,Home,47,Male,North,4,534.54,0.23,Card,4,2.9,1646.38
10998,9/24/2024,1797,Clothing,46,Female,West,7,292.02,0.24,Card,9,2.5,1553.55
10999,9/25/2024,1241,Home,29,Female,North,3,451.74,0.17,Card,8,3.8,1124.83
11000,9/27/2024,1876,Beauty,29,Male,South,2,445.85,0.28,COD,4,1.3,642.02
